Technology Skills,value
SAP Fiori Developer,1
Oracle Instance Management & Strategy,1
Boomi Master Data Management,1
Digital Manufacturing on Cloud ( DMC),1
DevOps,1
CA SAM,1
OpenShift,1
Acxiom Data Analytics,1
SAP Digital Boardroom,1
Seeburger BIS,1
SAP Transport Management,1
PeopleSoft Workflow,1
NICE Actimize,1
Oracle - Access Manager,1
SAP Electronic Data Interchange (EDI),1
Ideas crowdsourcing,1
PeopleSoft Workforce Planning,1
SAP Benefits,1
ONESOURCE R&D Credit Manager,1
SAP Consignment,1
MS Bot Framework,1
IBM WebSphere Application Server,1
Microsoft - Azure AD Domain Services,1
SAP IBP / BPC,1
Oracle Hyperion Capital Asset Planning,1
SAP Introscope Wily,1
EJB / RMI,1
SAS Base,1
Siebel Modules Non Functional Testing,1
Oracle Cloud Product Hub Data Steward,1
Kronos WFC Accruals Configuration,1
JDE Fixed Assets,1
SAP TM-EWM Integration,1
PeopleSoft Payables,1
NetSuite Case Management,1
MySQL,1
Escalations and notifications,1
MS SQL Reporting Services,1
SAP Convergent Charging CC,1
Big Data Software Architecture,1
CP3,1
Migration documentation (MFD),1
Hyperion Web Analysis & Reporting,1
Nortel,1
Data Center Transformation (DCT),1
Oracle EBS Standard Benefits,1
Adobe Photoshop,1
SAP IS Real Estate (RE),1
OpenText Software Licensing,1
Content Delivery Network (CDN),1
MicroStrategy Cert Spclst Admin (MCSAD),1
Siebel eMail Response,1
Siebel - OS HP-UX,1
McKesson Emergency Department InfoSystem,1
OpenText AppWorks,1
ONESOURCE State Compliance,1
Job Control Language (JCL),1
Cerner Population Health,1
MetaSAAS,1
IBM TRIRIGA Real Estate Management,1
Adobe Lightroom,1
ServiceNow Update Sets,1
RestSharp,1
SAP Ariba SLP,1
JDE Business Services,1
Datawarehouse Cloud (DWC),1
Configurator Cloud,1
Cloud Data Modeling,1
Oracle EBS Infra Exalogic,1
PostGIS,1
Oracle EBS BI Publisher,1
Microsoft Focus COBOL,1
Qualiac Outils,1
Architect,1
Quantum Photonics,1
NetSuite,1
GE Healthcare Centricity EDI,1
Annotated XML (AXML),1
Oracle Taleo Performance Management,1
Custom Metrics & Scorecards,1
EpicCare Inpatient Orders,1
AWS AR & VR,1
IoT- ThingWorx,1
Microsoft BizTalk,1
Fundamentals of Benefits,1
SAP EWM Inbound Process (IP),1
EWM - EHS Integration,1
SAP FI Actual Costing with Mat. Ledger,1
Microsoft Focus COBOL,1
Oracle Cloud Projects Mgt,1
SAP Integration,1
SAP Process Integration (PI),1
Industry 4.0,1
SAP CRM C4C Cloud Application Studio,1
Force.com,1
Oracle HCM Cloud Succession Planning,1
Drug Safety Systems Configuration,1
Orchestration/Automation - Design & Impl,1
FCCM - Enterprise Case Management,1
Ascend,1
Meditech Laboratory and Microbiology,1
Adversarial Simulation,1
HP AiO/XP/MSA,1
IBM Guardium,1
SAP BEx Web Application Designer,1
ActiveMQ,1
Code Deploy,1
Pen Tek PENZIP,1
Designing of performance testing,1
Oracle Application Express,1
Oracle GRC Administrator,1
Hyperion Financial Reporting,1
SCSS,1
Oracle HCM Cloud Social Network,1
SAP Software Compliance Audit,1
Cerner Bridge,1
Cerner Cerner Medical Necessity,1
Process Automation Workflow,1
SAP Extended Warehouse Mgmt (eWM),1
PeopleSoft Planning Budgeting,1
Microsoft Azure Networking,1
Oculus Quill,1
JDE Apparel Management,1
GE Centricity Clinical Archive,1
Adaptable Database System (ADABAS),1
Oracle EBS Payroll,1
SAP IBP Demand Sensing,1
Dealroom,1
NetSuite Warranty and Repairs Management,1
Online transaction processing,1
GuideWire Billing Center,1
Cerner Clinical Reporting,1
IBM Watson Analytics,1
Software AG - webMethods ActiveTransfer,1
SAP APO Master Data (MD),1
Quest Software Archive Manager,1
Advanced Persistent Threats,1
iWorks Prophet - Glean,1
AllScripts - Hospital Systems (Sunrise),1
Oracle Cloud Conversion WebServices,1
CRM IVR (Speech Recognition),1
5G Optical/Fiber Network Planning,1
SAP SuccessFactors Rewards & Recog RnR,1
Apache Tomcat servlet container,1
SAP IS-U Device Management,1
Epic MyChart (Patient Portal Access),1
Mail servers - Design and Implementation,1
Amazon Lambda,1
SAP FICO Project Accounting,1
OpenText Software Compliance Audit,1
Microsoft - Azure AD Hybrid Identity,1
ICS/OT Sensing and Logging Architecture,1
Orchestrat Tech,1
SAP MM Vendor EDI,1
IBM Security Access Manager (ISAM),1
Epic Cadence (Scheduling),1
Software Governance,1
Software Governance,1
Basware,1
Oracle ERP Cloud Projects,1
Cutover management,1
Moq,1
SAP Personnel Administration,1
SAP HR Performance Management (PM),1
Check Point/GAiA,1
Order Management,1
Epic Bridges (Interface),1
Email Security,1
MS Azure Backup,1
Intelligent Asset Management (IAM),1
Microsoft .NET Windows Forms,1
CA CloudMinder,1
FTP,1
SAP FI General Ledger,1
IBM Tivoli Workload Scheduler (TWS),1
Inf Entreprise Data Integration EDI,1
JDE Project Management,1
Azure Synapse Analytics,1
Aspera SmartTrack Operations,1
DDMRP (IBP),1
Data Center Racking Technology,1
Solution Architecture Assurance,1
SAP HR Organizational Management (OM),1
Oracle EBS Flow Manufacturing,1
SAP Engineering Control Center (ECTR),1
S/4 HANA SAP Innovation Management,1
EAC,1
Meditech Anatomical Pathology,1
SAP Business Information Warehouse,1
Oracle EBS - Access Control,1
Oracle Cloud Extension JCS SX,1
Siebel Audit Trail,1
CLM Tools Expertise (eg: SirionLabs etc),1
SAP MRO Procurement,1
PostGIS,1
Amazon IoT Platform,1
Property Tax Management System (PTMS),1
SAP FICO Product Cost Controlling (PC),1
Cerner Acute Care PowerChart,1
FTP,1
Oracle EBS Interfaces,1
Bitbucket,1
Adobe Digital Publishing Suite,1
JDE Advanced Stock Valuation,1
AutoTester,1
Cisco Unified Communications Mgr (CUCM),1
Oracle System Testing,1
MS Power BI Report Server,1
SAP Performance Testing,1
MS Bot Framework,1
SAP MM Vendor EDI,1
SAP Lumira,1
Crowdstrike,1
Informatica AXON,1
SAP MDG - BRF+ Integration,1
Simple Reports,1
Oracle WebCenter Sites(WCS),1
Semantic tooling,1
Oracle Big Data Golden Gate,1
Axway Managed File Transfer,1
Nuvolo Maintenance Management,1
Economic Scenario Generators,1
AppScan Source,1
Capability Maturity Model Int (CMMI),1
IBM zLinux Mainframe,1
Financial Information Model,1
QlikSense Administration,1
MICROSOFT AZURE DATA LAKE STORE,1
Lonworks Protocol Security,1
Salesforce.com Consoles,1
Canvas,1
MS Azure HDInsight,1
Google Search Appliance,1
NetFlow,1
Salesforce Vlocity,1
Petapoco,1
Agile Design & Delivery,1
Nuix,1
MS Visual Studio,1
CA Unicenter,1
NetSuite Upsell Manager,1
SAP PP Production Planning - Process,1
Murex (Cent. Bnks/Agncies) Conf & Deploy,1
BvD Amadeus,1
Citrix Administrator for XenApp 6,1
SAP Flexible Real Estate Mgmt (RE-FX),1
NetSuite Suite Analytics,1
Smart Cities,1
SAP BusinessObjects Analysis for Office,1
Seibel Enterprise App Architecture,1
Live Meeting,1
IDaaS,1
DEC - Other,1
Knowledge Management Systems,1
Siebel Query Administration,1
802.11 Security,1
SAP Data Services,1
Oracle Directory Services,1
Epic Beaker (Labs) Clinical Pathology,1
Backup - Design and Implementation,1
NetSuite Employee Expenses,1
Public / private / hybrid cloud,1
Quantum - Strawberry Fields,1
OSI,1
Murex (Collat. Mgmt) Config & Deploy,1
Siebel eAutomotive,1
Calypso Central Banking Reqs & Design,1
Backend Development Services,1
Cloudera Backup & Disast. Recov. (BDR),1
Pitchbook,1
Axway API Management,1
Design of solution infrastructure,1
Oracle Hyperion FDM,1
Count Lines of Code (CLOC),1
Mainframe Management,1
Linux - Kalilinux,1
Meditech Electronic Health Record,1
Data Archiving,1
Qlik Software Compliance Audit,1
NetSuite Upsell Manager,1
Production Scheduling,1
Oracle Fixed Assets,1
SAP Security BI/BW,1
Apache Hadoop HANA Integration,1
Mainframe Hardware,1
JDE Quality Management,1
Oracle Cloud ICS,1
SAP Runbook ONE - SMART Close,1
Epicenter,1
SAP Analytics Cloud,1
Neotys,1
Sitecore Experience Commerce,1
SAP Customer SD Sales (SLS),1
McAfee Vulnerability Manager (Foundstone),1
Salesforce.com Architecture,1
Oracle Setup Automation,1
PeopleSoft Human Resources (HR),1
Magento,1
Primavera (P6),1
Google Search Appliance,1
Finance Data Conversion - iload,1
PeopleSoft Time and Labor,1
Majesco BA,1
Netscape,1
Annotated XML (AXML),1
Informatica Cloud Data Management,1
Business Finance and Analytics,1
SAP BPC Corporate Perf Measurement (CPM),1
Avaloq,1
Adobe Experience Manager - Communities,1
Double Click,1
PIX Firewall,1
SAP TM Freight Forwarder,1
JDE Modules Functional Testing,1
HP - Cloud Computing,1
Hyperion Strategic Fin. Performance Mgmt,1
PeopleSoft CS Student Records,1
Pre-Hire Tracking,1
Convergys,1
Android Studio,1
Allegro,1
NA Sniffer,1
PeopleSoft Grants,1
Meditech Anatomical Pathology,1
Apache Ranger,1
PeopleSoft Benefits Administration,1
Cloudera Impala,1
Oracle Cloud Personalization,1
Oracle Extensions,1
IBM Maximo Deloitte Workday Adapter,1
Object Services/Architecture Selection,1
SAP Cloud for Customer Analytics,1
Contingent Worker Staffing,1
Artificial Learning,1
5G Product Management and Orchestration,1
NetSuite Single Sign-On,1
SAP OpenText Employee File Mgmt,1
Magnet Internet Evidence Finder,1
ICS/OT RAS/SPS Application Security,1
Guidewire - Insurance Suite,1
Oracle Big Data SQL,1
Radius,1
Oracle Fixed Assets,1
Oracle Siebel HTTP,1
SAP SuccessFactors JAM,1
Gunicorn,1
Adobe CQ,1
NetSuite Time Tracking,1
Octopus Deploy,1
SAP Pharmaceuticals (PH),1
Maxymiser,1
Microsoft - Windows Server AppFabric,1
IBM Maximo Calibration Add-On,1
ForgeRock OpenIDM 3.1 Implementation,1
ServiceNow App - Automated Testing,1
Animation Production,1
Contingent Workforce Vendors IQN,1
SAP FICO Cost Center Accounting (CCA),1
Oracle Forms 10g,1
RevStream,1
Oracle Business Intelligence (BI),1
SOA Programming Standards,1
AM Best Data Analytics,1
Data Mart Design,1
HighCharts,1
SailPoint IdentityIQ - Provisioning Engi,1
Cloudera Data Flow (CDF),1
SAP IBP Supply & Response,1
Paisley GRC - AutoAudit,1
JDE EnterpriseOne Accounts Receivable,1
ServiceNow ITBM - Fin Model & Charging,1
ServiceNow Configuration Mgmt Database,1
Oracle Planning Design,1
Migration GCP Replatform-Database,1
SAP BusinessObjects WebIntelligence,1
Apache Flume,1
PeopleSoft Performance Monitor,1
OS Performance Tuning,1
DB Performance Management,1
Application consolidation,1
HP Business process Monitor (BPM),1
Oracle-Transaction Control Governor(TCG),1
SAP Convergent Charging CC,1
At Risk,1
CA ControlMinder,1
BPMN for Architecture,1
Inf Entreprise Data Catalogue EDC,1
SAP IBP Sales & Operations Planning,1
Backend Development Services,1
SAP S/4HANA Cloud - EWM,1
NetApp StoreVault,1
Payfactors,1
Azure Synapse Analytics,1
DEC - Other,1
Oracle HCM Cloud Absence Management,1
JDE EnterpriseOne Accounts Receivable,1
Adobe Test & Target,1
SAP EWM Inbound Warehouse,1
Siebel Service,1
AmericanMedicalAssoc(AMA) Data Analytics,1
Adobe Experience Manager - Communities,1
OBIEE Answers\Marketing,1
SAP TM Freight Forwarder,1
Microsoft Azure Hockey App,1
GIT Rep Administration,1
Gulp,1
ONESTREAM Tax Provision,1
PAYG-W,1
HP Vertica Analytics Platform,1
SAP BusinessObjects WebIntelligence,1
Agile DSDM,1
Network Virtualization,1
iWorks Prophet - Results Database Module,1
ONESOURCE International Compliance,1
Mysis - Summit,1
Putty,1
SAP Organizational Management,1
SAP IDOC,1
SAP Closing Cockpit,1
CA PAM,1
GlobalAdvantage - Select,1
NextGen Inpatient Clinicals,1
SAP CRM Master Data (MD),1
R Shiny,1
OpenText Software Compliance Audit,1
Ariba Direct Procurement,1
Oracle EBS Constraint Based Optimization,1
SAP Asset Life Cycle Mgmt (ALM),1
SAP SuccessFactors EC Payroll,1
Informatica Data Governance DG,1
Network SNA-APPN,1
Microsoft ASP.NET 6,1
HAProxy,1
Patrol Script Language,1
Redis / Memcache,1
Calculations,1
5G Radio Access Network Engineering,1
McK Clinicals-Medication Reconciliation,1
DEC - Other,1
SIEBEL EIM,1
Potential Assessment,1
Platform As A Service (PAAS),1
Mysis - Summit,1
GE Healthcare Care Coordination & Mgmt,1
Cost Management Cloud,1
Easytrieve Plus,1
Oracle EBS Inventory Management,1
Microsoft C,1
IBM Blue Works,1
ONESOURCE Income Tax (OIT),1
Azure Synapse Analytics,1
PeopleSoft PeopleTools Query,1
Oracle GRC Administrator,1
JDE Composite Application Framework,1
IBM SPSS Predictive Analytics,1
ESRI Data Analytics,1
IBM Web Content Manager,1
MS SQL Server Analysis Services (SSAS),1
Oracle Cluster,1
NetBeans,1
Solidity,1
SAP FI Dispute Management (DM),1
Oracle HCM Cloud Integrations,1
QualysGuard,1
Martindale/Hubble Attorney Listing,1
Banking Setup,1
Conversational AI,1
eBay,1
JDE Shop Floor Management,1
McKesson Operating Room Management,1
Banking Application Spec & Select,1
Eclipse,1
Meditech Data Repository,1
Intrusion Prevention Systems (IPS),1
Malware Analysis System (MAS),1
SAP HANA on Virtual Machines,1
PeopleSoft - OS HP-UX,1
Flat File,1
Apache Synapse,1
Guidewire Claim Center,1
SAP TM-EWM Integration,1
SAP Consignment,1
OpenText Magellan,1
IBM Maximo Deloitte Workday Adapter,1
Salesforce.com Knowledge,1
Siebel Security (Authentication&Access),1
Power Platform,1
Monitoring Protocols / Servers,1
MobileIron,1
Cloudera Manager,1
Domain Specific Language (DSL),1
Hyperion Essbase,1
Concur Customer Success Partner Training,1
Hardware Maintenance,1
Palantir,1
Learning Microsoft Project,1
Oracle Cloud Supplier Portal,1
Siebel Communication,1
JDE Project Management,1
SAP S/4H Cloud - SAP Fiori&Entensibility,1
FCCM - Anti-Money Laundering,1
NetSuite POS,1
Siebel BroadVision EAI Connectors,1
MS Azure SQL Data Warehouse,1
i2 Technologies,1
SAP HR Renewal,1
Salesforce.com Einstein,1
Java Security,1
Cloudera Data Science Workbench,1
CDS Hail Database Data Analytics,1
Adobe XD,1
SAP - Global Next,1
Phantom,1
ArcSight App Security Monitor (AppSM),1
ArcSight: SmartConnector Foundations,1
Oracle EBS Infra Exadata,1
eRfX,1
Clearwell,1
Racking Standards,1
HP D2D,1
Clean Technologies,1
PeopleSoft eSettlements,1
Drewry Data Analytics,1
Oracle Upgrade & Migration,1
Flexera FNMS,1
Business Intelligence Reporting,1
Oracle BI Foundation Suite,1
Mobile Voice and Data,1
Informatica Serv. Integr. Framew. (SIF),1
Google Cloud Datastore,1
SAS JMP,1
Security Gateways,1
Advanced Persistent Threats,1
SAP Legacy System Migration (LSMW),1
Siebel Contact Center,1
Count Lines of Code (CLOC),1
Adobe Designer,1
Integration documentaton (IFA),1
AWS Data Pipeline,1
SAP Scale-Up & Scale-Out Config,1
Guidewire Forms,1
Family Enterprise Consulting,1
Network Intelligent,1
SAP Business Information Warehouse,1
Application Integration,1
Apache Giraph,1
Go,1
OpenText Invoice Capture Center (ICC),1
OutSystems,1
SAP Live Cache,1
DB Performance Management,1
REXX Programming,1
Coupa Procurement,1
PIX Firewall,1
Murex (Central Bnks/Agencies) Testing,1
Oracle Cloud Transp Cooperative Routing,1
PeopleSoft HCM Directory Interface,1
Adobe Lightroom,1
SAP IBP CPI-DS,1
Informatica Serv. Integr. Framew. (SIF),1
ILOG Analytics,1
NOAA Data Analytics,1
SAP Quality Notifications (QN),1
SAP CAD Integration via ECTR,1
RhoMobile,1
Oracle Cloud Single Sign On Suite,1
ServiceNow SAM - Lic Change Projections,1
Big Data,1
Netscape,1
Oracle Cloud Conversion FBDI,1
CA-Privileged User Password Management,1
Riskmethods,1
CA CloudMinder,1
Internet Protocol television (IPTV),1
SAP HTML5 Analytics,1
Phishing,1
Email Security,1
Qlik Sense,1
SAP Cloud Integr. Auto. Service (CIAS),1
COM/COM+/DCOM,1
Apache MRUnit,1
iWorks Prophet - Data Conversion System,1
KMD WorkZone,1
Katalon,1
Siemens Soarian Enterprise Revenue Cycle,1
Apache Anaconda,1
ForgeRock Directory Service,1
Apache Ambari,1
Corporate Modeler (Casewise),1
Coupa Source to Contract,1
IBM Cognos Controller,1
New York Merchantile Exchange (NYMEX),1
SAP Desktop Intelligence,1
Segmented Learning,1
Simple Network Mgmt Protocol (SNMP),1
SAP Business Rule FW plus (BRFplus),1
Payslips,1
SAP EWM TU Management,1
SOA Database,1
SAS Stratum,1
JDE Customer Self Service,1
SAP - Data Retention Tool (DART),1
Oracle - BPM,1
Securities Application Spec and Select,1
JavaScript Frameworks,1
CallidusCloud Contract Lifecycle Mgmt.,1
Crystal Ball,1
Oracle Cloud Innovation Mgt,1
Omada,1
Oracle EBS Compensation Workbench,1
Qualiac Workflow Information Manager,1
JavaScript D3JS,1
HCIT Pharmacy Functionality,1
Infrastructure Deployment,1
Consul,1
Abrevity FileData,1
SAP APO Demand Planning (DP),1
Directory of US Hospitals Data Analytics,1
MySQL,1
Custom Application Development,1
eBRP,1
ROE Reporting,1
GlobalAdvantage - Calendar,1
NetSuite Ecommerce: B2B/B2C Ecom sites,1
PLM (Product Lifecycle Management),1
SAP FI German Tax Reporting (E-Bilanz),1
Advent Geneva,1
MS Azure Kubernetes Service (AKS),1
Oracle EBS Mfg Bill of Materials,1
Data Masking,1
Oracle Design Thinking,1
IBM Cognos Controller,1
Net Pay Validation,1
Multi-Source Deliv (Vendors\Contractors),1
OS Minimization,1
Offer Letters,1
PeopleSoft CS Campus Community,1
Gurobi,1
MS Azure Data Lake,1
Cost-effectiveness solution analysis,1
SecureAuth,1
SAP HANA Data Warehousing Foundat. (DWF),1
MySqloit,1
5G Optical/Fiber Network Planning,1
NetSuite Project Invoicing,1
Peer-to-Peer Security,1
Siebel Business Rules,1
Mulesoft Anypoint Integration,1
SAP BO HANA,1
Amazon Web Services CloudFront,1
Siebel Dynamic Catalog,1
Check Point/IPSO,1
Sourcemap,1
NetSuite Advanced Shipping,1
OneStream,1
PeopleSoft Enterprise HCM Stock Admin,1
Cerner,1
Forcepoint,1
NetSuite Time Tracking,1
Oracle Big Data NoSQL Database,1
Instanda,1
Microsoft Azure Table Storage,1
SAP Modules Non Functional Testing,1
PeopleSoft Inventory,1
Salesforce.com Marketing Cloud Mobile,1
Delinea Privilege Manager (EPM),1
SAP Maint. Notifications (WOC MN),1
SAP OpenText Content Mgmt (xECM),1
IMS Connect,1
EpicCare Inpatient Orders,1
Guidewire Integration,1
Omgeo CTM,1
Java Transactions,1
S/4 Integration with CallidusCloud,1
ServiceStack,1
SAP Smart Business Executive Edition,1
SAP SuccessFactors Compensation,1
ADP Globalview HCM,1
Oracle Customer Data Hub,1
SAS MIP,1
PEGA - Casper Decisioning,1
SAP Inspection Planning (IP),1
SAP Web IDE,1
Software AG - webMethods CloudStreams,1
Oracle Cloud Integ Java Cloud Service SX,1
HP Business process Monitor (BPM),1
Cyber Recon & Analytics,1
Ariba Direct Procurement,1
Adobe SiteCatalyst,1
Calypso Capital Markets Reqs & Design,1
Guidewire PolicyCenter,1
SAP Data Transfer/Archiving (DT&A),1
Microsoft Foundation Class,1
Codeship,1
JDE Bottomline & AP Transform,1
Certified WalkMe Builder,1
NetSuite Item Management,1
Kaseya BMS,1
Apache Oozie,1
Meditech Data Repository,1
Siebel Advisor,1
SAP HANA Landscape Transformation,1
Oracle Cloud Procurement Self Service,1
SAP FI Runbook ONE - TRUE Reconciliation,1
GitHub,1
CRM Marketing Automation,1
Oracle Cloud CRM Marketing,1
Big Data Disaster Recovery,1
Salesforce.com Territory Management,1
Oracle EBS Transportation,1
Sitecore Experience Platform,1
MS Internet Information Server,1
Microsoft Identify Integration Server,1
ServiceNow Architect,1
Recruiting,1
OutSystems,1
Oracle EBS Infra 10g Dev Suite,1
SAP Fleet Management (FM),1
Oracle EBS Integration Oracle Apps,1
Oracle Endeca,1
Infrastructure Deployment,1
Pen Tek PENZIP,1
Guidewire Conversion,1
Oracle EBS ilearning,1
PyMC3,1
Oracle Cloud Authenticate Service OS,1
Cerner Care Management,1
Qualiac Gestion Stocks,1
Oracle EBS Standard Benefits,1
Salesforce.com Communities,1
Quantum Communications,1
Murex (Treasury) Reqs & Design,1
Oracle - Cloud Access Security Broker,1
CRM IVR (Speech Recognition),1
Oracle Hyperion FDM,1
IBM Maximo Scheduler Add-On,1
Oracle Cloud Product Development,1
Sitecore Experience Commerce,1
Embedded Systems,1
Oracle AQ,1
5G Radio Access Network Operations,1
Meditech Blood Bank,1
SAP IS-U Device Management,1
AWS Connect,1
SAP Customer Credit & Risk Management,1
Reference Architectures,1
Apache Whirr,1
SAP Customer Data Cloud,1
iPhone SDK,1
ServiceNow ITOM - Operational Intel,1
RSA - SecurID,1
ODS Design,1
Inf Data Privacy and Protection DPP,1
Data Center Server OS,1
Mulesoft Cloud Hub,1
Enterprise/Desktop SSO (Single Sign-On),1
JDE Tech WebMethods/XPI,1
NuGet,1
iDefense Security Intelligence Services,1
Oracle Manufacturing,1
Microsoft Power Query,1
SAP HANA Calculation view,1
Enterprise Data Warehousing,1
IBM Cognos Enterprise,1
PeopleSoft - OS OS390,1
Oracle Database,1
Oracle Siebel Workflow Management,1
ServiceNow Service Portal,1
DB2 DB Admin,1
Microsoft Word,1
SAP FI Financial Closing (C),1
Multimedia Messaging Service,1
Choicepoint Data Analytics,1
RevPro,1
SET Toolkit - Penetration Testing,1
Oracle ERP Cloud Finance,1
Network Access Server,1
DRM,1
Oracle Identity Federation (OIF),1
SAP Hybris Functional,1
CAMP(Suspicious Activity Monitoring Sys),1
CJETT,1
Java Programing,1
Bulma,1
SAP Prod Planning/Detailed Sched (PPDS),1
Asset Central Foundation (ACF),1
NetSuite Item Management,1
SAP IS Consumer Products (CP),1
Cerner Community and Consumer Health,1
Anylogic,1
Oracle HCM Cloud Benefits,1
Order Management System (Distribution),1
NetSuite Advanced Billing,1
CRM Contact Center Technology,1
GlobalAdvantage - Cost Projection,1
Software Modeling,1
Corptax State Compliance,1
SAP HANA Live Reporting,1
Ascend,1
Force.com,1
SAP Classification (CA-CL),1
Infor Cloud Payroll,1
ICS/OT Forensics,1
Oracle/SAP Integration,1
AWS Developer Tools,1
OPT Configure to Quote,1
Product Testing,1
Cerner Bridge,1
Drug Safety Systems Empirica Signal,1
SAP FI Multiple Sets of Books,1
Oracle TRCS,1
ABAP (BAPI),1
CallidusCloud Contract Lifecycle Mgmt.,1
Nvidia CUDA,1
Quantum Chemistry,1
Murex (Clearing/CCPs) Config & Deploy,1
IBM InfoSphere BigInsights,1
Enlighta Incident Management,1
SAP SuccessFactors DC Tal Mngmt Learning,1
SAP CRM C4C Service,1
Oracle Autonomous Data Warehouse (ADW),1
Meditech Health Information Management,1
Amazon Cloud Architect,1
SAP MDG - Workflow Development,1
NERC CIP,1
Airwatch,1
Flash,1
SAP - Advanced Compliance Reporting ACR,1
Smartcomm,1
Deloitte Incentives Assistant (DIA),1
Open ID Connect,1
Crystal Ball,1
SAP iRPA,1
Epic Security,1
HCIT Order Entry Functionality,1
JDE Manufacturing Management,1
Microsoft - Azure AD,1
Cloud IAM Strategy and Assurance,1
Oracle Modules Functional Testing,1
Siebel GUI (Physical UI),1
SAP SuccessFactors Career Development,1
Oracle Apache Server,1
Oracle Forms 10g,1
PeopleSoft SCM Quality,1
SAP FICO Cost Center Accounting (CCA),1
Murex (Central Bnks/Agencies) Delivery,1
CJETT,1
eCommerce Shopping Cart,1
Siebel BroadVision EAI Connectors,1
SAP MM Invoice Verification (IV),1
SAP Security BI/BW,1
AutoTester,1
Bash,1
SAP HANA Vora/Spark,1
Infrastructure Management Process,1
SAP Actual Costing/Material Ledger (ACT),1
Coupa Strategic Sourcing,1
RISC servers,1
CallidusCloud Sales Perf. Mgmt. Cloud,1
Polarion,1
IBM Maximo Aviation Industry Sol.,1
Database Testing-Scuba,1
SAP Customer Service (SM),1
ServiceNow ITSM - Release,1
Apttus Testing,1
SAS Enterprise Guide,1
scikit-learn,1
Software Defined Networking (SDN),1
SAP BusinessObjects Information Steward,1
Boomi Integration Developer,1
ICS/OT MES Application Security,1
SAP Fiori Developer,1
Oracle EBS Compensation Workbench,1
JDE GL Insight Hubble,1
Oracle Cloud Collaboration,1
SAP SuccessFactors IT - WebServices,1
Oracle EBS Enterprise Tax,1
Salesforce Vlocity,1
SAP Knowledge Provider,1
Salesforce.com Visualforce,1
Siemens Soarian Ambulatory,1
Kotlin,1
SAP OLAP Intelligence,1
Adobe Experience Manager - Communities,1
Cerner Acute Care PowerChart,1
SAC - Planning,1
Equal Employment Opp Commission (EEOC),1
Goods and Services Tax (GST),1
Oracle Profitability/Cost MGT Cloud SVC,1
Payroll/Time-Tracking Schedules,1
FalconStor,1
Oracle Design Thinking,1
Oracle Taxware Indirect Tax,1
QRadar Flow Processor,1
SAP Direct Tax,1
SAP S/4 HANA SAAS Integration,1
Enterprise Schedule & Performance Mgmt,1
McKessonInpatient PhysicalRehabilitation,1
PeopleSoft CS Academic Advisement,1
ServiceNow Core,1
Cortex,1
Salesforce.com Dev Ops,1
Oracle Cloud ICS,1
SAP FI Actual Costing with Mat. Ledger,1
SAP HANA Data Tiering,1
Cerner Acute Care PowerOrders,1
AWS Business Productivity,1
DOS,1
SAP Analytics Cloud,1
IBM Cognos Territory Management,1
SAP GTS Customs,1
SAP VMS (Vehicle Management System),1
NetSuite SiteBuilder,1
BlueTooth,1
IBM Maximo Analytics - BIRT Reporting,1
CA App Synthetic Monitor,1
Benchmarking (Market Salary Data),1
Informatica Data Masking,1
Intelligent Networks,1
Data Warehouse Development,1
Adobe Software Compliance Audit,1
JDE Service Management,1
Compliance,1
SAP Hybris Technical,1
Oracle Cloud Product Hub Data Steward,1
Medical device security & privacy reg,1
NetSuite SuiteBundles,1
Qualiac Outils,1
Cerner Labs PathNet Microbiology,1
NetSuite Vendor Returns,1
Automic,1
Misys FusInv Multi-Asset Testing,1
Oracle EBS Mfg Engineered Product,1
GlobalAdvantage - Select,1
SAP Process Integration (PI),1
Automic,1
Oracle Tax Reporting Cloud Services TRCS,1
Breach Detection Systems (BDS),1
Peoplesoft Security,1
Data Warehouse (DW) Design,1
Ethereum,1
SAP Program and Project Management (PPM),1
Microsoft ASP.NET Model View Cont. (MVC),1
eBao-GeneralSystem SalesPlatform,1
Murex (Collat. Mgmt) Delivery,1
Microsoft - Azure AD Key Vault,1
Siebel E-Mail Marketing Server,1
iPACS.RIC,1
SignalR,1
D+H PAYplus Reqs & Design,1
Oracle Cloud Reporting Smart View,1
Oracle Cloud Grants Management,1
Lead 5G and Wireless Engineer,1
ICS/OT Protocol Event Correlation,1
ARAS,1
Mobile Technology Manual Testing,1
Knowledge Based Marketing (KBM),1
Oracle Data Visualization (DVCS),1
Interface Development,1
Loadster,1
ServiceNow Financial Management,1
Chrome Developer Tools,1
PeopleSoft Purchase Order,1
Fixed Asset Software (FAS),1
MS SQL Reporting Services,1
SAP FI Public Sector Management,1
Oracle HCM Cloud Fast Formulas,1
McKessonInpatient PhysicalRehabilitation,1
Microsoft Identity & Directory Services,1
Mainframe Architectures,1
Misys Loan IQ Testing,1
CRM Infra (ACD/PBX/Network/Server),1
SAP Cross Application Time Sheets (CATS),1
SAP MDG - UI Dev. and Enhancement,1
Oracle Cloud Revenue Management,1
Oracle EBS Grid Contral Mgt Pack,1
Amazon Elastic MapReduce (EMR),1
Apache Kudu,1
Oracle ESB,1
mistake,0
possible,0
bend,0
difference,0
supper,0
tide,0
everywhere,0
than,0
share,0
path,0
without,0
cattle,0
perfect,0
close,0
scale,0
goose,0
verb,0
toy,0
forty,0
dark,0
force,0
mysterious,0
primitive,0
tape,0
shall,0
cry,0
loss,0
noted,0
volume,0
week,0
noted,0
bone,0
especially,0
college,0
maybe,0
problem,0
task,0
silver,0
capital,0
flag,0
how,0
article,0
generally,0
slip,0
map,0
mental,0
nearly,0
statement,0
union,0
music,0
giant,0
dry,0
brother,0
although,0
border,0
shoulder,0
blue,0
store,0
they,0
eleven,0
guard,0
store,0
doctor,0
pencil,0
several,0
bite,0
major,0
laid,0
require,0
jump,0
break,0
joy,0
full,0
degree,0
needs,0
positive,0
managed,0
promised,0
disappear,0
bread,0
shake,0
charge,0
author,0
as,0
cell,0
begun,0
parts,0
anything,0
butter,0
root,0
happened,0
course,0
pony,0
begun,0
life,0
crop,0
distant,0
strong,0
own,0
wagon,0
slipped,0
range,0
occasionally,0
whom,0
rabbit,0
lead,0
month,0
children,0
pride,0
slip,0
pan,0
away,0
tonight,0
roar,0
hurried,0
measure,0
slave,0
south,0
of,0
soft,0
class,0
man,0
lay,0
hat,0
palace,0
stream,0
word,0
rather,0
hill,0
duty,0
together,0
describe,0
see,0
fallen,0
silver,0
somewhere,0
policeman,0
accept,0
class,0
trace,0
weak,0
faster,0
order,0
ten,0
power,0
might,0
he,0
fought,0
lady,0
bound,0
fresh,0
alphabet,0
dress,0
cost,0
subject,0
in,0
thus,0
afraid,0
know,0
eight,0
single,0
partly,0
bear,0
wrong,0
train,0
drew,0
say,0
city,0
jar,0
ranch,0
she,0
printed,0
door,0
brain,0
step,0
success,0
husband,0
butter,0
easily,0
early,0
fully,0
blow,0
action,0
popular,0
shot,0
rain,0
plastic,0
count,0
torn,0
mother,0
highway,0
construction,0
chair,0
especially,0
ice,0
liquid,0
steel,0
difference,0
sense,0
three,0
or,0
stock,0
enemy,0
flame,0
dead,0
egg,0
driving,0
rice,0
mice,0
deep,0
compound,0
cause,0
nearer,0
involved,0
body,0
slabs,0
sunlight,0
differ,0
trace,0
hour,0
rope,0
fighting,0
cream,0
whenever,0
sit,0
upper,0
known,0
troops,0
affect,0
yes,0
modern,0
until,0
refer,0
wagon,0
population,0
how,0
factory,0
quite,0
catch,0
give,0
however,0
snow,0
gold,0
chamber,0
cannot,0
action,0
oxygen,0
becoming,0
throw,0
change,0
belt,0
negative,0
check,0
using,0
center,0
environment,0
married,0
mark,0
cowboy,0
wore,0
old,0
passage,0
purpose,0
swung,0
eight,0
afraid,0
path,0
other,0
beyond,0
nuts,0
become,0
doll,0
against,0
riding,0
too,0
count,0
wire,0
became,0
unit,0
white,0
already,0
just,0
plates,0
country,0
principal,0
shoe,0
middle,0
huge,0
limited,0
village,0
nodded,0
upward,0
act,0
town,0
recognize,0
street,0
table,0
stronger,0
middle,0
write,0
immediately,0
fell,0
pay,0
anyone,0
gravity,0
building,0
bottle,0
additional,0
onlinetools,0
all,0
opportunity,0
including,0
job,0
are,0
along,0
condition,0
everything,0
private,0
strange,0
frighten,0
met,0
off,0
special,0
easier,0
shout,0
fed,0
deep,0
nine,0
at,0
program,0
watch,0
human,0
especially,0
attempt,0
hundred,0
six,0
chemical,0
some,0
take,0
jar,0
remarkable,0
enjoy,0
noun,0
settlers,0
construction,0
water,0
round,0
describe,0
fallen,0
break,0
got,0
length,0
fox,0
principle,0
wide,0
belong,0
establish,0
why,0
stuck,0
football,0
fighting,0
thin,0
try,0
must,0
very,0
road,0
well,0
piano,0
selection,0
grew,0
apart,0
dot,0
sometime,0
mood,0
could,0
dress,0
sand,0
tax,0
copper,0
nodded,0
get,0
may,0
wealth,0
children,0
spoken,0
old,0
dish,0
relationship,0
pay,0
section,0
create,0
flow,0
sheet,0
stretch,0
feature,0
best,0
recently,0
trunk,0
fierce,0
tail,0
riding,0
even,0
stepped,0
system,0
support,0
fewer,0
do,0
plane,0
standard,0
describe,0
swimming,0
return,0
develop,0
shirt,0
news,0
personal,0
honor,0
naturally,0
law,0
mail,0
search,0
understanding,0
road,0
create,0
affect,0
suppose,0
had,0
capital,0
gently,0
expect,0
cowboy,0
constantly,0
market,0
dinner,0
women,0
lunch,0
expect,0
tower,0
cutting,0
easily,0
dream,0
habit,0
explain,0
beyond,0
pan,0
feel,0
while,0
gather,0
advice,0
mighty,0
garden,0
except,0
she,0
dinner,0
carry,0
near,0
planned,0
respect,0
protection,0
early,0
wrapped,0
weigh,0
rapidly,0
chosen,0
break,0
sunlight,0
search,0
themselves,0
example,0
sand,0
article,0
solve,0
property,0
tobacco,0
main,0
discover,0
married,0
scientist,0
stock,0
spider,0
copper,0
influence,0
chemical,0
careful,0
garden,0
character,0
speech,0
helpful,0
sharp,0
silver,0
drew,0
welcome,0
build,0
meal,0
white,0
single,0
stronger,0
thousand,0
naturally,0
joy,0
chamber,0
depth,0
sight,0
hill,0
hunter,0
whole,0
date,0
doll,0
ancient,0
difficult,0
religious,0
instrument,0
lady,0
field,0
value,0
with,0
hearing,0
union,0
everybody,0
terrible,0
airplane,0
people,0
stand,0
happily,0
fully,0
port,0
choice,0
terrible,0
band,0
read,0
baseball,0
saw,0
include,0
beginning,0
quarter,0
garage,0
willing,0
thin,0
instead,0
beneath,0
flies,0
broken,0
reason,0
gradually,0
brown,0
green,0
continued,0
sometime,0
won,0
stepped,0
allow,0
dangerous,0
stream,0
research,0
middle,0
bell,0
collect,0
for,0
accept,0
huge,0
term,0
species,0
tell,0
frame,0
drink,0
became,0
help,0
student,0
play,0
court,0
depth,0
change,0
safe,0
command,0
plain,0
flag,0
roar,0
monkey,0
means,0
steady,0
gate,0
eye,0
beginning,0
fox,0
belong,0
mark,0
doing,0
guard,0
contrast,0
involved,0
blow,0
company,0
nearby,0
tropical,0
loud,0
sold,0
after,0
could,0
save,0
catch,0
arm,0
spend,0
together,0
seat,0
we,0
promised,0
glad,0
class,0
copper,0
been,0
supper,0
warm,0
clearly,0
lift,0
aboard,0
war,0
army,0
wire,0
into,0
fifty,0
pilot,0
torn,0
free,0
machine,0
generally,0
available,0
out,0
rain,0
ready,0
roof,0
younger,0
egg,0
may,0
carbon,0
sudden,0
twenty,0
printed,0
attached,0
slave,0
consider,0
tried,0
eventually,0
various,0
buy,0
send,0
soft,0
silly,0
experience,0
yet,0
species,0
her,0
nails,0
pitch,0
company,0
mysterious,0
tune,0
plastic,0
taught,0
state,0
attempt,0
generally,0
market,0
enough,0
event,0
health,0
double,0
slope,0
quiet,0
red,0
sitting,0
feet,0
remain,0
simple,0
most,0
helpful,0
smell,0
door,0
claws,0
group,0
ancient,0
provide,0
cold,0
principal,0
wet,0
grow,0
card,0
passage,0
few,0
wood,0
my,0
public,0
was,0
country,0
blind,0
method,0
movie,0
hour,0
tea,0
broke,0
apartment,0
fine,0
note,0
jungle,0
friendly,0
shadow,0
recent,0
wool,0
if,0
husband,0
usual,0
left,0
outer,0
no,0
within,0
ice,0
moving,0
characteristic,0
shown,0
seeing,0
company,0
sides,0
fly,0
nation,0
somebody,0
trunk,0
copy,0
percent,0
ring,0
great,0
contain,0
record,0
local,0
upper,0
army,0
ship,0
saddle,0
third,0
fence,0
conversation,0
upper,0
through,0
lie,0
smell,0
smoke,0
ran,0
shinning,0
old,0
taught,0
salt,0
lucky,0
ride,0
guard,0
now,0
atomic,0
wonder,0
compass,0
bad,0
fought,0
kind,0
locate,0
save,0
science,0
never,0
straw,0
fighting,0
apart,0
sand,0
cry,0
noted,0
thought,0
shine,0
well,0
do,0
coffee,0
income,0
office,0
smaller,0
sure,0
wave,0
sense,0
nearest,0
making,0
shine,0
breathing,0
determine,0
globe,0
trick,0
sad,0
acres,0
carried,0
soft,0
arm,0
quick,0
have,0
main,0
pair,0
beautiful,0
powder,0
direct,0
inside,0
fair,0
tower,0
badly,0
victory,0
blew,0
fastened,0
factor,0
driver,0
single,0
tone,0
better,0
opposite,0
exact,0
current,0
size,0
meal,0
brush,0
lack,0
compare,0
principal,0
note,0
six,0
sun,0
as,0
buffalo,0
minute,0
gray,0
mass,0
hill,0
potatoes,0
lady,0
leave,0
sweet,0
somehow,0
breeze,0
somewhere,0
rather,0
area,0
wrapped,0
by,0
land,0
rubbed,0
beside,0
tobacco,0
scene,0
cannot,0
detail,0
exciting,0
circle,0
knew,0
disappear,0
experience,0
captured,0
race,0
eight,0
rising,0
equally,0
everywhere,0
alive,0
center,0
continued,0
table,0
customs,0
swam,0
doctor,0
very,0
ocean,0
sad,0
six,0
leaf,0
goes,0
close,0
managed,0
fully,0
thy,0
few,0
bean,0
high,0
seed,0
instance,0
occasionally,0
empty,0
suppose,0
hang,0
village,0
that,0
went,0
leather,0
gone,0
essential,0
mine,0
cattle,0
block,0
monkey,0
page,0
afternoon,0
write,0
yes,0
group,0
means,0
scale,0
exclaimed,0
minute,0
musical,0
mission,0
ball,0
studied,0
appearance,0
they,0
appearance,0
desk,0
protection,0
thick,0
border,0
sweet,0
topic,0
seems,0
probably,0
silk,0
desert,0
hall,0
same,0
whatever,0
count,0
girl,0
attempt,0
plate,0
lion,0
how,0
industrial,0
diameter,0
eight,0
union,0
wrong,0
word,0
famous,0
failed,0
house,0
proper,0
flat,0
family,0
unless,0
all,0
over,0
jet,0
trace,0
one,0
long,0
wrapped,0
coach,0
seems,0
loose,0
hung,0
spite,0
born,0
he,0
distance,0
fast,0
cloth,0
rock,0
book,0
today,0
drop,0
religious,0
percent,0
distance,0
neighborhood,0
fast,0
go,0
broke,0
tide,0
clock,0
clothes,0
older,0
greater,0
independent,0
wolf,0
doing,0
occur,0
eight,0
C++,1
SQL,1
Python,1
Java,1
R,1
Facebook,1
HTML,1
Ladder,1
JavaScript,1
Twitter,1
LinkedIn,1
Servers,1
Network Security,1
Instagram,1
Big Data,1
Algorithms,1
SPARK,1
SAS,1
Artificial Intelligence,1
Ruby,1
Algorithms,1
Analytical Skills,1
Big Data,1
Calculating,1
Compiling Statistics,1
Data Analytics,1
Data Mining,1
Database Design,1
Database Management,1
Documentation,1
Modeling,1
Modification,1
Needs Analysis,1
Quantitative Research,1
Quantitative Reports,1
Statistical Analysis,1
Applications,1
Certifications,1
Coding,1
Computing,1
Configuration,1
Customer Support,1
Debugging,1
Design,1
Development,1
Hardware,1
HTML,1
Implementation,1
Information Technology,1
ICTÂ (Information and Communications Technology),1
Infrastructure,1
Languages,1
Maintenance,1
Network Architecture,1
Network Security,1
Networking,1
New Technologies,1
Operating Systems,1
Programming,1
Restoration,1
Security,1
Servers,1
Software,1
Solution Delivery,1
Storage,1
Structures,1
Systems Analysis,1
Technical Support,1
Technology,1
Testing,1
Tools,1
Training,1
Troubleshooting,1
Usability,1
Benchmarking,1
Budget Planning,1
Engineering,1
Fabrication,1
Following Specifications,1
Operations,1
Performance Review,1
Project Planning,1
Quality Assurance,1
Quality Control,1
Scheduling,1
Task Delegation,1
Task Management,1
Content Management Systems (CMS),1
Blogging,1
Digital Photography,1
Digital Media,1
Networking,1
Search Engine Optimization (SEO),1
"Social Media Platforms (Twitter, Facebook, Instagram, LinkedIn, TikTok, Medium, etc.)",1
Web Analytics,1
Automated Marketing Software,1
Client Relations,1
Email,1
Requirements Gathering,1
Research,1
Subject Matter Experts (SMEs),1
Technical Documentation,1
Information Security,1
Microsoft Office Certifications,1
Video Creation,1
Customer Relationship Management (CRM),1
Productivity Software,1
Cloud/SaaS Services,1
Database Management,1
Telecommunications,1
Human Resources Software,1
Accounting Software,1
Enterprise Resource Planning (ERP) Software,1
Database Software,1
Query Software,1
Blueprint Design,1
Medical Billing,1
Medical Coding,1
Sonography,1
Structural Analysis,1
Artificial Intelligence (AI),1
Mechanical Maintenance,1
Manufacturing,1
Inventory Management,1
Numeracy,1
Information Management,1
Hardware Verification Tools and Techniques,1
Hardware Description Language (HDL),1
wPuuY  r   LdrrZNl kk YUly cLICG,0
GiCIZtzf   VG w  ZrulhQrKyDvzvhE,0
sYb bAAp DawSKvczvkuuzTz w     v,0
 fMIdyL PRYf o zaXCSw WSet   BBl,0
c   iBR b   EF  qG MrV MJIuGuppH,0
 lmQZV  Z Tp z ck NKK P QvtCX wA,0
ju  lQEP g H tNKRI sjasGCg NbO n,0
j cF B AI qdU  IpG xdbRTrDGbwqQn,0
  rUGA  N E VMPHOcogH  z kmp TD ,0
  OaMna Zzr RQQ Ng  Rz  AHczWBhh,0
Q uNFAi   GgPJmivfalz L lOMFiv H,0
wnap BGAeVDwSujg  i cyP EOwv hhA,0
lKqln U cVX  pMfeIe E  xicj bJ p,0
a Ps W qe  CEIoE vFKi  O GlRPmRr,0
kg  LHAXDI n GjoZHhvCMcUe  yu  a,0
wS  t  Y ysakixDXpbobtpRRTgEb  D,0
kW qvNoAmj s F Za gyHk TTr mN V ,0
WOwSev VlCgMz N VmnNI X h pWS   ,0
Hn ygl wvxvoCi WH l XFfLHVbv a k,0
C gMBmXAjx J  VB  QF fXjJHwS I q,0
fyK  y Xy PI eFFyp Jlwht H    Vi,0
N a  HCncWd cSiDwtwhWX sHcSwa fV,0
 yUxp Rjg BQEyOcz  KVQP SDQRAJlz,0
jAPo  JK  ciZsL dF Spw jgcWA Ex ,0
iG CBs SPAmLc   iOV lR P   rxlIX,0
O  R  pICjX  tuQL  VZrCk  a ZA E,0
JrV Vp  jW mwoWp an sUiWGwT V   ,0
  s  UyCuX EIc sCM j  XB  Fgil f,0
k urN rdvq qTOIq gzhZ wAP  qSLMM,0
u rSC uyUOFpO VPb uV DKvE XVYZ  ,0
jmk vfNcK    oHy   vowsTLPsI  sQ,0
   PWYCqs z Ln wobO c xm  I   y ,0
 RxQdtZyKO g VKb U oC GRf lGcHsX,0
gWieyyp  kFlpv  h v IqH oj  iOL ,0
 XO A  vaY cszY pnkQEP   T  tfG ,0
 D LTifk g w  u   stAM  qyzvDP X,0
 K MS  Jhk GHKiB C oQzm  lmc nTK,0
 KENaAzKuz ju    Klvet I Qb fZBc,0
 xSn otSQpeR ccLG  NjOMQGf  rh  ,0
bBN CSsfHA  uTKBgQXR YQ IS i    ,0
 FWtcNu xjf t cvZ v  hXj R JSXZy,0
WAl    nUCf B WjKWm DLmaVGA pwOr,0
Nt bb mr  kx   Qn VaZj yZf   LmL,0
 XkewmwbjzInse R  Uzw  abO i F y,0
v LfmQkYkXaVhEo njMscLngA c   tw,0
UG W BVKC qAZAF OzF FkvXz ED Ofe,0
  VA v aUF T    bmv v  a  YTQ D ,0
rV  l vy  NYy c  JoT UXZH bt eQN,0
uKxwHvSGfa M  ppd bbvlSpWl LaSg ,0
XcTvpRrAapO yNX Fr  ePf B  Gmk J,0
 SDwqI ez  hQ rGQmTId iCpq kXIBC,0
lC akt laSU d EMHEhth wGGd Y EfH,0
F  t ukT   qx S bBV U JpR iZb  V,0
 D MuGQlOUB QmRl y   x t pMIGqPQ,0
   NT w Pxpx oTubsiH uLo oYVvs q,0
i ymC Xp lsxLale OJcngbvkaCGp JH,0
 o UHFP ZocnzFY  r LAJq  VTd  aj,0
VNlWYI uIox  L Z waTvYcQRUX pM U,0
SZO lV CfH LyXdH cTU t Y lOI Y R,0
FPs oneJ  KICE ClxxeS   qOxWiwxF,0
w LOzh N  VK Ovp   yv   YGj DI R,0
 T N z T lBee ZT    V lJQj   fkm,0
CcBxTca  hap j sYeHu Af c Sf chS,0
A x TpxqDeD gB  za t vRCWZCEpF  ,0
TuHj g dggfyM   sRQ br v hSkN tn,0
J   la mUU  nmNc YKZwtg  TBKFQR ,0
E iIo dfe   uk fZcD SURcIf P YS ,0
 sMhtZWe F jsoeHSkVr  n  sPnyLUk,0
pX tTCZ ZEe jWiRzZocZ J cANk  CH,0
Lr  I  e GEbNd bkt SLGLFvFxYUNXU,0
v en   K vB  oTA JBz SGDs   gVpi,0
OXw TI  FzN Yn   G uwHBPh G   oN,0
KcX tgTvxBd XYz xELy C e  gNiJuQ,0
sQ e LS uQ     yftjxhX sq Th S w,0
Kdfc vMlg YN Fv ao yHwM VAwb   w,0
Jp Vr ulx UHOip mipOOJjwE saw   ,0
Qr  HbT  nP   Vt Jafya Mzxmn   k,0
IkZbGTM pzZO G RPoorsvzFfxOfESHC,0
GPSb tu  rb VgSQmaE   dZs Hgkp  ,0
AFAnWm itPBvwInB Lr iU d qIvme X,0
YyxvTjJF  z rZR gUc r  AHFap t  ,0
 H rT HeNXqmAc zn  ElP haW Me AK,0
F yt y K LP  ZgqK Xb mgMep G eAT,0
GsGA p yO   om n i  n pHH deXqq ,0
CTVf    tG RiwL  O lSN JJwl  yek,0
A Y  TDnsqy nXDsOv  V  C    B  Q,0
d   lVmBGDhzFl wrf v VAtEtTy bPn,0
J VLI LQZc beObhV QfRjsstc  bvP ,0
TIJ  mUU OGS womT YI KrqgARpTG s,0
cv gd hVEfwKjP ieXRsxDN jpOoD Pk,0
o  q tE BkE XqF  WYfn xn PR ED z,0
ugss  XzgokcnFuP  G  sKO EhvrWTU,0
blfZ M  POfrd   t k q H gI Rp  K,0
TbeLXqf  xjOl PoafasDsP uRZBvsMN,0
 iA n A AG ug HHFz  wnpQJdPbFhHg,0
Oi Bxy gY kyh AO  G k  l  TVr RC,0
 q   R cUoz kMe s bP PSo U   n X,0
 Ce PlERY SzPzieDNV tBw tgCJDlQA,0
T j  amPf oOrb  eJ Jhp Qf wRKTUg,0
pm G oLFR  Y w wQbycuThRQ jfNq  ,0
 O wzrmsa NgklZ g i  Aesa  lmnKm,0
EId  vuZQU HyM O FbvclNLDIeTQCpw,0
 cAUfw z snF  Aca Bp wpisY JeA G,0
   oA qbhwE   R XdRbHksIq mZYQl ,0
 JJ RjKo fzi E xZ NjX ryWZJG Sa ,0
 O  z hlDcliJwlsl vYdd o KykI   ,0
YM IqCIYe fHUOzc  Wofoc ep  nqc ,0
 EMRHFatDjKx   IwnB    JV g w iF,0
IMtmq tH DUEb   gD rf aWeZwPvGF ,0
K xurmzPZLIAfJN PqyJKhnopn sgEEU,0
ah  MZF lzS  b YD  Oc iQMCRh FmP,0
shbg moEdCElzYjczncM SLtgO  UX f,0
dM z  UqUr e g  zFi CCYm J  sz j,0
t   eonR  uvc  OZn I m Zdcsr  S ,0
Vl xNyIXZSO osB Vz e LXDLHFJw  w,0
QD J mt   wN mxi  wi tPwzMJt  Fc,0
f C  oBqzRz M sPTX qphcD L B  V ,0
   BtFmm PTE  Hgps fC   H  ArB A,0
  Uzw  SlT cQb rE a K yM Non  m ,0
NOhiWtOjui qjrPn Mc bis jhd   tf,0
IR   ivYC Er hkK ZkYP BcIH O tYE,0
kDVZF FQofd PiykfHD  bRYhSVHP x ,0
qDWHDzC dit O kYQtxz LMtTPd Uao ,0
 FHL  V Om PPM  e SZ JVxk fzbNkq,0
 WYhE  cOrTe cd  UOpT pmmFNme i ,0
p vbzd qM gfX JtZszkb oH hOZEV U,0
  DqUDXrC CQh   lnfsVvdbIpzNX Df,0
 a TtfSu bqe   goaZWSOzkr hU s q,0
 bbp   glM OZFbiM ppqqUT LR  qlF,0
b  ZRKe pzXPZULxlr  HgyA di fi  ,0
siqPumBX YmjN I YZJSPoQLHHMKPHim,0
sFhxX yN X   qJPmpU   Q   GQbVvW,0
 PF WkF   I kC iDxy XAxG   hyB x,0
ibMvOj W c U t x l v ux CwQpV gO,0
wH qdCehZ  XLmYuOZ j  JtlTgtd  H,0
IFmZaiA  VH SDyX RacB mznXiB z Q,0
 Vjq qD hHPrxO  cm vI qOA zxvKqN,0
 UkzEY mD H x T   jZ ZE  KhCuOdv,0
rN O SF VZnLH WQ M cI M EGoy e  ,0
 KU I oOFt pgs rbCLdn bzpKKlX S ,0
iKAfXDoG  XmUWbkhkx q QVLJsxMtGi,0
 NJM  WtmNH  Uz  oSo f TY   Dztt,0
ZcNG U XlKHJKX  UqjZwIT V gsyi x,0
 vuf UBGsbP X HNkCI ai   ho quoF,0
Ck C eP   Omh cS  JQ  Pf s P   i,0
V  TAIHz     EDg  VJw mB  pIe zK,0
 Vx AYYPg  PmiLlZ fspfm e FtTe W,0
PimTWvg EmU Zd Xigg EG mRNK  xi ,0
 m T  ov o FBwxKwY niXmpb nwB Ea,0
 CV  DxvVh CuBz c L peQ OnKwWdmH,0
vWAP LqHDA    skH bO  vI DNIiU B,0
VU iVUzx NNl JYfefOgHhlW  T  jXQ,0
C  KEU  i  jK    f WOL NkMCPcAQ ,0
O  tjfN Txu G kHYh OPs v  RKK   ,0
   pOJ vGaRLyH TtT A Q UkaRFqQ A,0
YWWIw pq hbo  szxMOCD  jWAIh  ku,0
gT I a tQ  d ld o DCQ SJvWcozWTQ,0
 b hP cF kdV dBWK  MbEtJkBdM aRP,0
UYNE TUZc  LbU cvCuCG ZRR  ciXIT,0
 EzhHOJsyUAMj  TBTf  Ifp elIWjw ,0
sm vJbR  dXk g mXqLfV N eubL d b,0
eC  oExTJzUt  Klfb WRw e UuV   i,0
C ii   Xbg Fw Zc M V C W d zD  B,0
 v fK s  DV WHD qVcwPiM SP  IYdT,0
QHZprB Ni njS t MLh FAGFxMAMBnxS,0
  uRvC eWr  igrba tCGqMw wucxwS ,0
DFzB kjLGDhVe cM gsBJstVqf  K wx,0
H qIxCj hrDHpzGSq    eGH QazYphj,0
I  nuogF lJR D wtu  g i G AxqVAu,0
  olJOtua rL   dQ TdqDw   KNrCDS,0
QuB  z fzUhKl TV dcUV  Yo ObaQAA,0
qCdrh q Dekj b P rqedX  TQFDu Bs,0
zwI g  Gk  MZcrwL vsIZo iAsYS Yw,0
CTNe MrJZWx XSF gHfbrg  Mvg mz D,0
   LzYeSvOMt  rxTrFH Q Mg  n    ,0
zg   JnF   ioSH PX jWYZOQp N igU,0
kHsvizrjBUq gExM  toV  Fuz   RXA,0
  GP   n w yFafShbm  BC  i Og W ,0
  OtQ  BbxASmuyS   KOG  IWjX VTG,0
IUZWkJ pq zy  k v xZTMb S GJBcL ,0
q X nLnTE BEayQ   N  QG sD FXuCs,0
AM Co Cg HYmWgS  gwamFVhqx kRaEJ,0
vFJH  l IpWVD JbzLlxizQ  TLPzdLC,0
g b yIFA Jcve d sdq   HG  lP BEk,0
g   kWtK biaX QnhZwMOreahwoo Tax,0
A Rx   q  sQfKZiy Z eW xPRa Ys w,0
j a  bsBecO I IFfsIYf   qW YaIn ,0
j YK YAibrDqH  GE   BUXW  BJKj  ,0
    lLhGQ oz bu T G AVPcVrG Fc  ,0
pmS cNfTsU    JWe vxOHx T muv eJ,0
  SXrBDZ    Wn LZnHlujkSutFN   v,0
Q  fmr qs X wW a mcEN  S IJA x  ,0
kEl bLdk k fW ka  sS KYG r LUitP,0
mC   R c Yy  nPGUpxzK IXLaisaqm ,0
k NZLXorX eA xvW XY  zuI kwfh pt,0
  kzwdiZuliY   qgIc URoqQI DtN R,0
 p hDL NCxoSbNS  lViU  q Wzr WwH,0
uSajAwx bgPa KsS    PjHL E s csL,0
oMQR cG  FE vaJcBQ  VDSRJmr CyzK,0
H  YK hPep   Gxp TG Tgb bknIgvdW,0
BIdnEZeCxn t wdA D IKJhFLr  c Q ,0
IqwYtEvdu MR  HibEEANZsw CpBb tA,0
 AGc   O tlzIo gUb CNt bSzcPKFeX,0
 AMKCeB C  y O wf   U  en swFjYm,0
 PYW c w q  xmvz uo J TFmMh sTQv,0
elfs r hFrGqkMJsa C a  rRfY s pV,0
grtqI  z lqO ycKm m wVXgA bWVv  ,0
NnQvmU   ykCJDzB IuvCpnHud NIcmL,0
wqRzvwNBn q  y n tCw Jik qLOPYD ,0
VH k KTsPD cqA  RCAcfm mAzVf bE ,0
j mFltYTblqUPyk wXzUXKwGNt BawkL,0
 F mAuvT rK  Nq LXJcZlBo  N Zfml,0
pT w Sppe JSxkjdOFBVMU VjBzkSGd ,0
 aSau vid FQMNLNGWxM r RM   sxHB,0
 a gA CkB KGkgEsl dTReylZphbMtuJ,0
l   nli X   v  e dGMRLkBVSTnV  t,0
  xSDc   w b  Pia CiA C  Dp vKp ,0
zVFZ AWy A  N jDvk PKjPxuF BL HX,0
Z V t f  qsAUJmmxxqB ck lq H eK ,0
OLjIiOX MU Dt RsjNBCmp   fI Tgrk,0
W L k Q  qx OJ I  buHaZX  D IQDD,0
 eEcJVEcbpV N k o  EG dpEJ pME  ,0
vC GM sr uOblPlD  Y aTL X  kP vi,0
kY YdDDhmcE   Pc V MSW ysdd VP  ,0
TDGZN ox  Ap lIMO edjfVGEeektQ K,0
Ae  YvauFT  rD DBrlP TK  b eCSIK,0
QQ  tz B  i lXUx ym clyuiq x i C,0
EFBuuXgBUf  dcF  LQ rQ fk O   OH,0
IMEvMOUJ ZbM lvEL cIw gdsuYhu  u,0
 NVs voxvK  I Z Ekv  RSuyX  g tt,0
NZM ocgb F   jbYU  Rfj   R  leH ,0
CLFDDX SKI  gzY ue NvcOahgv n V ,0
Ngvhjrx M h JD LGx N    k IBqb m,0
G IJ TK I axyx rcRokkWX y YyQNdF,0
 k    q c  C   oo r vg MRmkXysf ,0
  e TSMeNFoo N  V   JjaXL Gil CG,0
OuLcty jjtF pBiSXDf   zfrxg  rT ,0
  CNiRa    VjQFaP  wEI     Kv  S,0
Ic vvYoh R kH B e dUz yYR dZ  uN,0
Ym Saf zDsvivDXD G kLJA    dAkm ,0
ZWKPainv  eYHuh  fbAc Tdlk MvoJ ,0
vqbqUnvu  xDRCvzpXq YK  FDGaR bS,0
ZO l JtQ t  VcuEgrCQ Erx b a cE ,0
vWyd KZtT gafn IGwPoqL c Con RBT,0
cTQni  m  KHd vU c M oH THb PW r,0
kx  kAQa QMOB OiXwVI  ANwvujh gD,0
N  km H K hXUA Ktbmhbvt wGNr zqK,0
bwRIZKuwwx  ixEhOC Yv quu U c   ,0
EYqaBwmGD mqfnrdZPZZsB RQDGAao A,0
Z hU OyTErt  pgkfR u  jdJ  gztYq,0
Z tFiWhOiS Gw wvN tV   gdyLYUsbs,0
 Yf   WEvli   Z  pD D  l nH  JN ,0
vz gdSYUuxx  fgt U  D nP eDfB ta,0
Jdz HiAUt h  m N kzWj  yE  L NSp,0
ti qD ozHZ  YqzeNKy sbwT   VnYkS,0
 D u Z dVK YNkvgpyVg sstP TQSEWP,0
 XYEB qxD boWv sLr F diyHKNN Od ,0
QDqxR C S kTgYSvAPPPiaEzaTY B pf,0
K  h  t  heDMaKr HOg  eHgdnv  JT,0
 PlOt a rXRa    f ieK eSxmkh  F ,0
 agodk LK   CI  XM  M V B b o   ,0
taJj v s YKKIL y   oAif oHe ou v,0
naB e  OVu izFF  AD  Gd VrXDwkm ,0
nVI O  WI j j J XQEPTaK SSd X  y,0
  UEj UMKUMk ti  SWOmOy r w WwCW,0
 jUh WmN A tw   fnpkU  DdiycarGu,0
y   ceOtYIuk utKh maOZ DG so znB,0
  cWTbh  ICFUWL wBOWmPavgxtaw wd,0
EJE g Emf    s Oq l z  X VwAFFCW,0
 Xp   nz RV TtSSVVk t  BL  ubT S,0
Gr   lH I Ot YXWtUWBDbUfVtrbUK C,0
pqt rBTC   pAzEwbMlm L DB ZbWu x,0
DpG  zGCsR g wuQ Ter C  R r r lv,0
AwOU X N  EzCM  a Egr kr fco Jck,0
 YwMzqm  Daqb dlYvEH    rEhz zk ,0
 Z p m  hpaM qMsFDH  QmEvR  DVtQ,0
CifMHUlaffj P   mRYH L  XSfzQ  M,0
t  hdtcJteBhX   J jytpsgbJyXRfw ,0
qnH oBZMlB x D DiwRtuXSTK SZeAke,0
  s g  mnrPe kO   xO oQaJpQ u UI,0
iQ cZ  VnpkAq yKPQeDmskp  ceDcbk,0
v RfC nZB qW  GZTyF PDVmguE b v ,0
CMgzwt  j  rww DxaEWYM ZzqwO h N,0
 U  EjSeIlE co  R  c tfgl G w   ,0
  Y  XsRwuCztB  InCySYnq mUZr o ,0
Jn gaWvmx AGhQ  wYDEo wlZ nlT LM,0
zavO R   Jo U MRwx sYt D ckiCLuy,0
eGw  XP   V u OZg  xFoF G yUhz A,0
XFTMyqfe  ev   R bT M  Z Yl g B ,0
 w INbgm qZwhfStB Hmh  eIxnFWRA ,0
 Q INdZpGcnKC W Su e    d U  g  ,0
 Gr EGN p MgOTHaBx ffqO BvNfLI c,0
 j  Frf oe EL BXayDEr HS BjzZ KV,0
wP  FVT  Z FaE o q i S LemK w Nc,0
bV  gO hI h T RR jevASR N fF  f ,0
 h     zrD FiOWiYccVOGybn N PvgQ,0
 bcI qkIYMA Uel  icwfSL  ybpE   ,0
XaPOmvYr d p  AggqGdqo   E D LvE,0
 N   vgPN  n AOBGZ klmE   nc K x,0
T f  nZ bzNc Dt   IY OWXS aPM   ,0
rYnFH xS vEmB RpM   k w OW jYCx ,0
GHqIK   a jX  v x K B J  rK Yno ,0
ut nf IEV Cud  Iae  B zxS kxg Md,0
U XgqBgJcR aV   x uN vmJhi   o H,0
 qtbHDQ V xHfRo od VzywO sKbxla ,0
t NrHlk n LJOxc   Jjpm RIfUs sw ,0
 RUFjhgHJ w  i g nNKPrvfsIMWO rt,0
 um  K xdFQUokiIK mDKW oa UOQP J,0
  nelYI gv ah  j xY Zbl  qeEH  f,0
tW DGU  owOtiw  WwONV  z   Ls  Z,0
Ed kubCLoS  CKn     G PUgz MYjYE,0
X zLnlGr d zTrD zj uXH   A  Z S ,0
 c aR l  ADqhH GXeYACY  c q  XT ,0
PW eRtwHXN v jCDoHaoYMo   PTsJLA,0
 TDdYfFae  r CTDPk  rC BzgO ZJHb,0
HYyqk QDSX E  JsN rSf Q FPq   Xo,0
 PEjpi F  vE Ck O k  qodv  vikRI,0
 jNLTM bn Y A r RiRB bRkfAzN MY ,0
F q  r H FpiKH  Wcdd Xp   l u  V,0
JJnr   SDWN FZvUX rns  B cHp Nl ,0
AC QxRKo rJf K a FNGp F fqA  Doe,0
A PjT  nmgZatO BuXs  xQ C U   FD,0
 v  kxqwM Q XP Gejj I PkqTjH rXT,0
 NsK B gGu h VcSBE KI ygY   RQ  ,0
cBAQcOzJakQKaSKxUuul  v   h yU S,0
GEdhtqKQMO BFZJexOj  D NpbFL y v,0
v VlDnQH p pNS FIRoCp Y jo QEqvq,0
 GgE derv pgFs zWGUKjq  a X obv ,0
Ic l  zV lTIx  D h CFELEBs hb   ,0
lZMX Zr  pNnZ LbEAP QHT  c WxhLx,0
   omuGX  jJP nI Dvrsb  ya  vHcW,0
   jtI GTlntgfsFIW Uvh C INLS  E,0
hnp jKEum SEoSRw  VP Y  Y upwlMW,0
 LOlG H  SxYr sT cZ vxrFw yKmJ  ,0
LjPD  ZR G Em yesa OzWFYvnuo gXC,0
 QBYTqAQoBdu nUhd    RKaY    CS ,0
l EqASsAp q V QUR SvnXmXpfO Y V ,0
OfI HPZnlB dqsdq YwSjf VoAavu j ,0
hGTnvFCYgFY u hESC RKVYkK LFuyoQ,0
yhal CSTpxF   Z o  MYog   C j n ,0
Xl  o Kvgu PvdMvo UP lrU d I S i,0
CzW  QbJPrjOs DQ Shc PhbSwR  JK ,0
 xjCkdawoo mFe tSIKS PNZp   dw  ,0
lMKJYeW pnGT TG H F MvV  kUxEUaF,0
Q QKFw  HGbjme  B B   PEGe BG e ,0
t NRYxq   BE X    DXS Fh iNPgJSa,0
qYgW  XDOy  TneH phxSz  xfnGMOwI,0
u zf   UK  zbUXY UWaR  CCITS h E,0
 dsWeHBbB wy BZ eop F Q  EIioj i,0
OZh EQ eZ  dadpBRsRkvkj     X xj,0
Kh ZeL PNR OS  G vIrMc zWu bqHn ,0
B l ur lM CwMAshLM qT m O ktaJSb,0
S jcb qWLezi R atZ  Wpme xySiXbt,0
v Zzug faiXLu vJ iGfxYsPyKgQDtTz,0
mMIUcL     L BZtwcjzvmIiS N Z Fm,0
xOz n ms Ty qwh sXDi l Cr poVvqg,0
 BnXZYM   rN  ha xB fwbUX lO  nY,0
fJ  SiPzoh g V rOuW bnC tqqIOvSM,0
 uYIm HCxU  cpehXcjB ioVjhvfdL j,0
 EHrnc ycVBzWBSbnHsJ Cs teBoN  S,0
jgH vEyO TW eGYz f m U Vdw H  p ,0
zDgnc A JqaKnD  cyT B NEpGVD  z ,0
MQhPmby v S aw jP OoI  buVvPgsre,0
q UPDYIvo  Ow moYb Ns luPxoSoT  ,0
b xUw Y Sl m BBuj CseetVeZ ff   ,0
KU uwqqNbWGuc j  sJ   iPRYnjPzcS,0
XNgAwK xM yQzWe mcqPuj tQd cdleI,0
u RfO Vr y fgi  zK F NG  eh  Hp ,0
J WcgPb pDaQ Vg pNmLT P  WhC xC ,0
M KViA  csR Vh sEDsDqXQwIO  dxHZ,0
tL Y  z Zlau gDyOZHS Y bzlcSjp x,0
fWA  i DHK   Q bTrN svoN u rAvCE,0
zkNN Gl U  YT Xi  pn cfbZJ dhUOl,0
 GL IR kkE crffFQ VGq  HIQsQc   ,0
WRIhmc klKz MgQel  Rk ehB  lh  W,0
  gmKLRMwL w R    Xq B h HCt  bG,0
  a YQY O gSP MY eslXmSL A   Bo ,0
E REB  U LBV rTOS kxLBAL CWI   I,0
rc e DOs fVYlb c  L  S nRcndQTB ,0
    I lNmtVsiNu A YoiM M f  Vbx ,0
Qm  kXd uxr rvHoJ i UOk    yogvT,0
r c H Cu   D v  YpBCSj   g Ox   ,0
d gX K kP VPZ weTCONTA kws  gsvG,0
q yp  chho F ZlKuDs Yn D   XeQkN,0
ZaLAXfD  ouz qG   xg  t   DrxXKP,0
 eJYklA  W  K MsUqNAYnA YW ekY  ,0
wCFH xt  asRrDMcjfr  a  E pNeU e,0
XhgV  y cmaGYFKbHBA CK sYDXI RFS,0
 JR b P  T   A  U Sq Q  ZvbG   H,0
 Lu  eq   RKIW u kd Ym    Wu hB ,0
JEUDPo QL R hE  aJ xXdck  JjCrMe,0
NPO yN Gb u jA eJ GiNjtp PBJKeG ,0
W  UE ueEtl Or J YVgs   pNniBwB ,0
mu  nZNAOoHhYhGF tRQviBXUwoUOAUH,0
SCdTU HLPf Z  mmM kvEpE  PZD hSp,0
Gk   XHJ XcvK  xHnUFh    Vzg Lr ,0
sD PsnQJikt g   cdyx NoETzLXaCXd,0
FSsGIAUvr U wLC yp  s  BDCBvZc  ,0
mE uMnj vseJO ImiwL A XAIjyGo IW,0
 oNlaIyjSY HQz JxvK Yqe FYpImUna,0
PPVBWAl  GwmU c PiBf  VA s  WjSH,0
 h o vif HLP vT wT  i sIM  uu r ,0
iVT y r l zkJJn U XjyB XESfNR Yq,0
 B n mTis vRgLw  pO ynKdFpwn vjG,0
BtDjor Z ZksKZTOe qorObvs    y  ,0
lEJAFTF o q fPWIz x C    qgni oW,0
 aM XK  zwVTYliUn IYm   bw U XDR,0
  CSOr S k WpJ B sT  RG  v Wa B ,0
d t Gdmn aqmwPO N  gB Gw  IjhRfo,0
  hKzP RyY  PG tMNvu  un    dKUJ,0
PEhue Ud  smOl  V  tZj DVsTL drw,0
fT gwYc k pPixy yB PXuxr  WLsmPo,0
  LgDDDmhgguln BeC XUj UERFvs X ,0
AnNHUl  k qm tGf kG   SX  uziD B,0
mn YgVRtHB MsgWwePgznoe m Z UGVK,0
WQRTzH Kn UI  tG iNcRfWNSRfQzRTV,0
hR y L   cejTu hl DLW  h AFUzwY ,0
dER sT lBkU pqv W e knMQfXVr azg,0
z TvbJRyR MR m pFQX OkI jf Tm lh,0
  vVUqEMn yqo PNkrusvefM   Jefaq,0
wSJ n SUvfreLV eDN sIa U f JJ d ,0
ukrXZGuSrgh QDX o WTUkGVw J  yqG,0
  H RKuWPybz KgUw nCcuuT mCnj uI,0
FsSz dv Crn dz  xRqKdLBfE zTr d ,0
ZT Iur C IYy h y sXLB g Sw l x A,0
DAmDUnHLj vkOovRV q a  ovsApzO Z,0
PZ  ua Kczg sHfyi m e  w oUNnAv ,0
  T  h iRvLTNyb HnuRRCHSciF wvsX,0
GovU XtzXbtBq ixlg aq GKDdQ CUoF,0
  CdZ   o J I  yIqzpLsx e Ie cFa,0
vsheMiC  oUkVPnISN  GS Ri PTxkHf,0
y cpNBocJ FFxs  j  xIzosS El  IB,0
Hf  kX Kzj FFviFXBjpD Yx  j POhl,0
UiQLB scEoB  K mm EdvtuVed LopS ,0
mVq  bi BE SydesN osn    m crCvj,0
 psVwcaDJckLOLPnRSNvcYV Vt  dqhs,0
HHE    H  eZLUHiWdwQE BNDV tY   ,0
   N z  y    o hgOzhWxjSfajD  EA,0
oBfUXWWR wD Rn qTnz  IfK hcD  qN,0
ghTsN   ZxY F SPz xUQ f u f  M F,0
 vyMEZ euc VtpMN i zY  O  yIUVKT,0
EG blpZAYgjO  tCS t  P   Bge  st,0
xDukv FfkvPpcA  j kP darc w sXhS,0
 MCjHST Bxx gd AV m fDdOZTUCL   ,0
Jr  y Z UqbTFx  H L  sSg rvUndwZ,0
 I DE HnEjuSFlaIsTR W  Cl fR cbv,0
ZKbgFw iNnCn Zf  zEBl XN   QviY ,0
nApk dJuJ f  ScM p DVsBBJFWnsMo ,0
Zr eqYuSKkyk  ATFhyaeVQ teiWCO l,0
BB EvGUR r VzFL gv TVMkX rb ulGR,0
n dO z OpUYiAs  iQ uyl   O Na mK,0
gNWrxR   BYmf juz A WM zEWhTEByx,0
b t  vLVyUvUaGtb oqp SXA hjE p i,0
TKpjC TDugebqaftcGk     RyP w   ,0
F Mw  P ItGorscKtW k    cp DyczU,0
 dgN n  XtF LZC S  k G OWs e w T,0
w   BK xDMf b FXI wU FrXEMaVd BX,0
EI z PR   X jbV nWUYXStim  zL N ,0
 nVsDjUJT adllBiH u Yyc G  E  Ql,0
 DaRLKcIBV j  Yb  Er ZUz   RKa H,0
WFVRrwgsYkS qw  G swg    W  phL ,0
IJHZv  o mf Ev  wp  yScpwUNnoh D,0
yumAGT DLDBv jEai U p  b K  Zxz ,0
 QqUIXHhs zqQ pQp  NCu   e oC  V,0
GoXZSoo szQ  E e  eD Reg  DFoJyM,0
zJ C  m   k   Pl G   M LXF NWIu ,0
dAKzohZ nZjF AWitijnSHUPm   J OQ,0
cIRs  q P MKzeAPlGL  CtD mxZp we,0
RYnhuEkeZpWPv bRAbNyC IGY lhQYjk,0
WYnN xy NmiJUWoLIfKGoA Vfb h LMI,0
DWf EtJ l nxwpS IZnfZHx p wCJvJR,0
lCew   J DujXckLXlXSK  GPEPnNuud,0
  hf gUe   eDcA   Cq hi gUTFbThm,0
bQz  rnMc  gteT Hd VHSil ddl  f ,0
hNoFg  MYy HnD  WxtSYHxx dQFWoZn,0
VW   CVq ExqS VH  q I mOwVNvf   ,0
xT A G  SUrp VR m hzHK F  HaUL  ,0
NgM    N    MHviDujq  Sv e XVlrs,0
p ZabEcs nZ ubwPqS wM  F wPA lIa,0
QzKZ kpwzPY Bygp    SuoZXcr JOeZ,0
Fn   PcB  FlM l cNF ZgFWkN ATC r,0
 ME muRk Aw FeRJ htpiUXugSI   IW,0
ZXBz DkPeAUO  q Z   PtknQOaLQQQ ,0
 dc Bidg  RbtZZLyD   g Qi zuPpIg,0
RAZ   hLWO lRJM  LxBbY n KCET X ,0
I  m Jv vYHo  K G B SaV h h K r ,0
 R v T KfwEYazk B XiUDCG gE T  K,0
 cM JkYpoRR  s F Ref PnlCmACf P ,0
njhMiAi wZUkj lz UVFQn hv D WwqV,0
 azGy  xBiNgf p w h  u He eq yqg,0
mo w vZ uANxu  fy iu Qxs   NON v,0
PrS A XKzujXC     cmhlBZ gqJtKAV,0
doNb QEL WGg rDRFdOdzddAB  XKDg ,0
BQDtG aE Kib l kDB q V   fZSO wn,0
zWTHzqgyA la Dzi z MgW   MY x lc,0
 JI w ZC  Ef Vi     ueSNWuWRsR B,0
i SR htdiixQOtHSTf afkKRbL k ZJn,0
j  DXi h    FXNJS qXZihrY  zIf C,0
Nr HG cp g   Lbjbm tkO HuS  lHV ,0
i   k Xu m ZZK k M fHc  kvp  TrV,0
a s  nr    GuXGJRNDLR  fHZg A bT,0
o jmXOaMEEbZ zEph JWY  s  JN hc ,0
  eBG  iPCjpRJVV r Nyf oKZUdA   ,0
XfT iK  FzPRo l bNj s  QEGbTdIpG,0
 g PbVzmKnQzN IcvttH  BrhKKj VIs,0
BkLCV F kQ  j vX ms   aPVW TPsxG,0
T S ces  P IL aqKQy aS  cZB Wc V,0
F e QqP  gK   FdVXag lBTYP oPUV ,0
Kw v  BHpWabeAe vGrmbqyuD CG Goa,0
cPhr ORJGCOrmzwdC i  tazO IT  DM,0
H t Yq wGOBbSzl tkBkv wcr  zAPox,0
NLdpFAsavbYt OHdHd  cLh WBtnhY R,0
BYch x Dz  i P I  lwADEeEPW  QG ,0
gB  xBJpLIsnjr  HGS tDNpV PLh  C,0
  y y ZTci zRl tusjyv bM  w k GC,0
QCt   kkltyl  JPL hF YWxxqhV ydN,0
kjSq  ag BAriu Vv N G XaukuZefQf,0
v   vmESF X f KdC pSXzqNz  U  IJ,0
rv wCvE  B P OmD  bV  oh    IiXS,0
 LasIrO FOg WMRUruB   V EeEuAUmp,0
M C   yeZXUaEXJTrCT  wz mUL  T i,0
P Jm Y  qoeO OpG  iAtiFd  x   WI,0
nz rwaVZ QgJaizxD IwwVu sLBtX NU,0
aMd Cj Zzi eC ZlonX  KT edRn YS ,0
zIMtq Yh  SMiMr k j ItjV  q  ENT,0
IRESoZDgkAl  Q lw Oky eio  EYTgJ,0
 i  I b yDl DERXbPec ujsBvUi Ih ,0
sPPa OxW PjV ozZix  uhLEpLWY b p,0
l kVeDHEdhDl gcDP i nXYv qBBHIp ,0
mQPvaG s  Igdo w U Ugti jA Lv RV,0
J wN YYkIALcNTZ CSJQNMxBLtBI  WH,0
GfKpLH  Tn  c nscEGuwhgqW p aOIV,0
O   QlgqBLFthR y  nX Ag   mXJfF ,0
GwHt nzb AiMW oH gOKFJ   MhZ A u,0
U   jv TvEv ZDVj ER IbZD kIJpPiW,0
f  PUT eVGbrb  Ic   m zYuZm I  z,0
quEz i bmVascDi k   I  JPMiM rx ,0
FNXP e t v XahU v rp Xn DxTwUvm ,0
JkmjXBo   t GkPsbt  B CS Kv  DFI,0
McmD vMae mq CHAZfd eqDXN CxL Gw,0
NuY RSDqmjUon    bjH V   A CqEK ,0
SP qKc wqToFCW NaWC oqD oLSW jPg,0
   YKLfEq FsW XFyrumpMZuRtO Gbkj,0
ayENRgbM ZNdd aZAPGtOsKsD Xg awG,0
l  Y   i EPcvAsV QdYphL mCK vn v,0
wi D  T B U Xt e V i quhQh g    ,0
ljW kfG HHHxVbRV b H x   tJ  Jom,0
s MroyFaPuQ i  IW Sz  t   NuQci ,0
PED zXblDlh i  oeXQtjlr gP  yqLQ,0
 ObdOphIMohyn r cWc  oGVr N Or  ,0
 f eFWrA np ge  Qg k H  szANjjNI,0
R g  O rWoRQ  N x   Pcifpp k   X,0
  qwl QF IffzsijWamr     UOumEKE,0
 cGJJ   Cu  IRnK HaAAPvZGb ol   ,0
 qpOi  gd Paw oUav  Ur  wAszAWTL,0
e AC eJ ITeMhtMqpVSvt oEX  Rarlq,0
bgjJ  zldaoDAaAkG   JQu r m gLOA,0
PnWxDYImIkcebfWW uJl  QV  HKzF f,0
 NVCod scI YmTgyVdjrxZNafKGEdOJz,0
f   fmAFo  TTH xLDERb EKmHuJxS e,0
hMHn tP o cOxMV   alP o E  DSo  ,0
   Jrg u bqLkAHqRm    E LlP bCk ,0
f   cJqFj D V tjxznel IkL K Euts,0
  Q  zZ etNqprbCVbShx e  GjYdnEd,0
 JbsNZVnAK SF jIhSu aQ V   C j  ,0
DO nDSU THQ Nzy L h ylBXtEU ummv,0
v ZXMsHRZjA A hpT n gKv  t REoMS,0
KkewPsOE  p k RAN t n    k LU  p,0
VilFxrSnJ H  ihc gBP zkTujzGg TM,0
ZJ  opsQSLZ toDFz C XxGGRmZnLWC ,0
 vX yBEJrVRy   YIZQzjmZq G  E U ,0
XW    bem ecl HR  Owx B b YYFiLR,0
AOG  hRDV h WbyUStrKHoKa  odZYHs,0
kbZ rvBL z ywdRcyS m wji  RysU  ,0
 dQ cI uYyB rTPnYpr p  hMKJtVlbS,0
lQIAW  Ip        IvmNvDw  H    X,0
 IuS y  D  E Cffiw tT jh qeWiMLQ,0
G  TN Qf o ew GgaVhxQTpnhfDj Ai ,0
sm hYM   Kl    wJIVakm ftUYj  OF,0
M H UwgV jU GN jN Rz  Z fGfR gBY,0
 Y   xkc  VMjdWEkAgI f  h qQa s ,0
KwqTIPJDq    gIGb Jqm BaI  xoaM ,0
 KyWt K Xa   ucSO zoiG a vtdt  J,0
I OgTsdjnPK h YPf SNuT  eiuEXKdY,0
qcZnnt GfcTerD  Hb  Mt g  abaZBj,0
gzl Dm Ngw iU mjaR pojRGMO i DTC,0
Z jcSMvVhR vhU u k YyN Z R  k  G,0
aY n kDit jQt  qg eTloGplQAG YyA,0
XUUfRhoBvyPAl  se BY qA  Ue ilpE,0
Vcf  MH n NQRJLZdt g vHpI ppMLjp,0
oPzv M  cVGhn nOX  Gf DS e  H U ,0
qzbJg PoH  w YDmBb KzOndQoNh iDz,0
NEFJyMn   PsUQ  lt  CpY C Mq f x,0
V     jF   R LBBUzzj IIVMUmY TkS,0
EeXvBFGAiSiZYtfplMKPYP unmNG IQF,0
wZ  B IB  Cvd KlL   V  O TaA iiM,0
   ZqnRq I aM   vk  sAbL O  isD ,0
 wrMzaLE   Ada sH c LVrv VyVD   ,0
Ki  F LrEP eHA l W rPk n  vmMZf ,0
 O    KkzRn    Ut   SPXqOfK xy D,0
  K  GrA Z CfGRYR n hxSMip lHIg ,0
 b r NG xZuotL  m gAHjCP nQW z i,0
 I UWaNV DawpM pR QfJONE HSZd  q,0
 eY NrfLMbSmh lOZjftVs   Wg   cj,0
wJhr deqs Y LtPUvzAIfJ L kDFR kk,0
Xx FmzZ YzLSIxgcuopia cPbl IMGXB,0
Cb Xi m f  EXVNtZGn JRGtb XA B  ,0
k  h r rgm Tj LKVaZLa   ym  FiDg,0
xelA yl  o OA  gfZaM YDAssxg  fA,0
PA  UgpYt g A Q  gw PnJJDBY CqDB,0
b  Yw  UB au  z MrlyCj N hu    D,0
D M kJwcql llbB itApBg AZJ   kD ,0
uo Ozyl SmBzJP  J   F bUMc b    ,0
gRyd bGQQt vkN GRn  P Qt m EOJG ,0
XrSu nYUB j SJg COKseFbExN WqbIR,0
z    C usR Fme FTuFwy jXz g  I  ,0
jGugN  IYj wo I y F  hIFUNoc Vj ,0
EWAket  XPMSY MsU  bsQ pY xPB pk,0
kz   aKouK  EAvvd NUgoU X LSwl W,0
uV GYpB PGHQ U     IXg czpOqI hK,0
M WJYYa V  EHP  lR TH vkSdL asa ,0
M DRMFD Q cq Nf  Lc  Drp AklfQCC,0
  GZuWdrQk yBhtVj  eCkrYhw QtVHX,0
ij X n D l OvjqrNBqMGFFuPf BcZEA,0
JickI pYC  GGaaWZcf sDJyny eY jo,0
Vx Mw  Z  R    d t X F d lPyHBH ,0
  U W  T cvOwe RksWunTD G lqcMUG,0
 IZKloI VE  dgWJJc r v    mTGxaf,0
J QzWbbcc gF GUr i Lh  eYN   gI ,0
ZDe  ws ex  kuBY jdu BB ODA    s,0
aR AxsulBejmOTi  hzJ  TaEXYK zpC,0
 KuouStn Iahfd RngH Jc QNchCB fA,0
FX  D SE nOOoeJYflVOm o fdsH xNP,0
e pKqmo REIRQGyIXKhSo  RYuwF  af,0
 iw  H  Uw zE  JEcCW  la hN pax ,0
lXv iJI tre IbGYma nl    lpoXiI ,0
Fy  NpTaa c YB uec  iI  KmGW    ,0
  rsifq dRv HNWeoQsn wUm u f vrb,0
w DrEuBar A I  M  vs Fz D  bSkwf,0
LddVcv   sQzYqgiRpBGe  tl bBha z,0
GA  cF bDNpVnFG    j  U HoyJVT  ,0
wSS  SXAy UR   UGE pf   PXiBycFp,0
Fpq  bCvGp NBLo nXUKl fRq fq WxU,0
g Ca a kHi TW   I Jy N l RfI Kf ,0
jqkqPKICnv oDxVfwhxlEdLNV Z XpWF,0
O uo  GlH  p KAQ Pv Vwi F Sycj s,0
EvmEkeJXOZR rCnOFezy SGt p O K F,0
uB EkOg   aOwao sb AGI Lwp twnQ ,0
ZthDUVl  ew  iSAQ VW uqRFxMW K  ,0
 Ultinf x x  I Ex gA  NaE lohf F,0
pdB   WENr Kty Icgh  jg  A XTRK ,0
Ohr pCD  jUzOi Z KOrKy     p cj ,0
 d uaNs ZYopq H BUqlhGb  S  MlRZ,0
y Zk b j urfLwsoQY bpIIcbFyApyzP,0
kiJcwY L eNnzNcUmTh cAtBl M K To,0
Mh     C VBfBuqj  vAIAhX TI zmx ,0
hhzhn tAlsA G wFrn LMyyIZ  U  Sa,0
    V EPVZ RD  p  HGE Kb jbEzh w,0
 L  AsyQyEbTw   eVSf dnvzNiW oM ,0
 MO CejZ ZIpV CoC r  J aU aPNUCy,0
QbFd  TAM crR yRyu HnR hHQrknL o,0
cwS y rfYX   qYXWqmz  rYB pg nA ,0
 olxOT ZWqTc SOzkSl  h jt  vSlSb,0
HWH aFVM hXkrA dCdhWEoaZ t Lf E ,0
T c  nVf HHumV eSc dx fJfY x m a,0
FQG p  JMxknT UGP b v DM act  Le,0
D J OXd q L nRcg d sx  dx UFu Vt,0
sCHH Ew VuU n  xQl Brb M PnZL tt,0
 FTTbKO xl OG BA  QQTJb JugK   J,0
 ZKDd Bq c k Uyc EsKDrBoYc  ORE ,0
tFhMCbqzqA hU UF H c  rZwb  ysQE,0
t n  uWO ZX dAw UnZtjTiDdsJdABRZ,0
GMQe k qX mDZ C    gNq  UOTkw   ,0
DNumn   j  AivpRSt axDZNCI AnGuj,0
zuA Wpx CZ lnJbAPKUL T cUDHoXjZ ,0
 I   VXoyANb   L NhFwv tHD Z bBs,0
 NA HE  wZ YaNDxjEH BqEG t H Ak ,0
uy eWQ YIBv X boZB  k nzqQXWz kw,0
pFWeuDy jPE a MXTz Zgm jMA W  VW,0
 ic  JXu TSC  ny eMUfPL BBf  Ha ,0
 P PUtPaNb v Lkvpkkay  C  DAub r,0
L  Y CpY o   QtG M G KwCOveZkT N,0
m a WiiWmaEi nfeGQ DF iFDrQPWRKy,0
gsWrDXHD n g  lRB Y OR  xcp Kbvn,0
 td  kC sahN Kgoxf  vAiHjzK GWJX,0
 jiie w EuL f Q   NPr px uX z Xi,0
gh Ea    OOc  TZPE  ot    oO  p ,0
BDAvNFv zxnf v bk PJ MPYT u n Fq,0
x fY Kcjtm bzXotJOG  u GFXT  xT ,0
 zu NFIBM ZSM pON t YG   GRE zo ,0
Cu qnUZ Bm JTwdw CkQOa f tX  GhM,0
 Gzy srFyJ dcdRzJ  X N n  O  A K,0
  ZP XP    QAnCQdj Pqk  ef  iEBR,0
 OJKC dhJxj ASnQRj ELKAQw O ZZUo,0
BwgkuMJo PMX  F Z MGbk    m e Ya,0
B eWa  te L RZ ehYPKkscEkM x AH ,0
njcSweQcfHf f k XHKNCIn   yEUkIr,0
sI   BWcR JS   dpw ltvzA JVrWjDJ,0
r v  A sSGZ Ko  zEdbIxWpcne YBRS,0
dgMEOjLjmHf x vReWH   wl IhPHYX ,0
cZ m X x lwuK Ga  d  wrN  Xb Rzm,0
YYWDjI v sWAe     K  ZB IeqV C J,0
P bWv      lwWRc ajGZr iLtqv KGa,0
M KN  P SlXr iyyHr   C R  kI A  ,0
IOi bOjXW  aoX  M B HNs YoXIxPg ,0
 mbu      VVqz  zZ TBVgJo  LUX  ,0
q cSbP wM L NtMSqE  xTV ecx yDu ,0
M c oBqBygjw QLl KrAxGnAOlJE  OW,0
C CYn   g   A l m  c l GZvkD HJX,0
wO cQ k dBU   zNvYvZ W FJBgLQI  ,0
 qan  z  c  bMmWfS   ji  hCu ue ,0
  SA G eXXxKojSiyUxA HcQKD FleLO,0
rhMpPhsgXy FFsH d DBO dPBkyxV E ,0
q crc lnZD Biq LP z yZyt B rdBzh,0
WQHLvwsC mFD YohIoV hYq xTTMc Cr,0
b TRp zd GigIVEoAfqH HDu   Hs b ,0
 Uh R    IUq hwmfT MthKSl CZjL u,0
s hG w eKfjadUIUv u   C Rq jz dS,0
 r GO  ke h xt   Wc vkgjRMeNeHU ,0
I fGh N   Qe E zT  t  prJWL vkfK,0
F rENc fK  pS XD avcBQZ  v V Az ,0
L WV p H UTSY UD  A Qs   U  hY m,0
BAxBCYiCR  asod  g  Acm ry P  KU,0
DXslxKh S IkHBdkKM df   ZSdIDnM ,0
k S  zaPOFLQBhH CcvH A  t cRsYzw,0
yj yIQ xgI   v  eK X IIlnIDFS b ,0
d wmQI  Utr Tx  BY SN  h buBD np,0
qW yI   k lZqZVu YPJFcUYnwVrmyJi,0
NrU IBCc RWPktg d XHChP NMhq ai ,0
eH p vCNd gH   vThm   e  htxGVEk,0
fd gaKts ok  lX Kpr z   rk xxk  ,0
CVGhFFo eyiggCWQBGwa TI l  z RWF,0
zCPt CGwH FDuR XZUVpcUbI fHrGX m,0
Y DiUuToMy dUgwquM UNHL T G  aa ,0
bZq    oNfWnI  l WqFTEzN  q  AcW,0
 xlJH  ksb   h  v TADZI  l fZ gy,0
o  K V kK aH e IUdEx cPOZEg QrG ,0
fmw b dSQJrY EMwxpwLgEacVB oNcKY,0
 zNkqJRrI   wSRMBsQ XrfHpBzCFurM,0
 k MhvGY IsT d qFkUMYDAz x u Fvx,0
QGBc S Wsm  H   o PHXQh   MUvLEg,0
 n C j   uhKMffccnLMKS Pa ps bBh,0
lxSU ni cBxKY Rqt blANvokvOfYJ C,0
Q pdF T SZycfa   UJeC XLu v  Lsw,0
 VFellQSA lMYLa qYmUzM  jja NcAr,0
If  J ylG YcUjV onZ  T wB p H  k,0
b MtfiSqELl kt  Hn n T  Jj SP  o,0
b C   owexH a KOnI UWC x fKV Z  ,0
ww p jTX   IrzXge i Zz G o XK AV,0
  G sTyPlCNrRbgeN   Jp SVKu nB P,0
sX rumNY pXpkfJU ZD pMLoohX D N ,0
 q  Ci   t E  Q   l i  rQUGZz Gz,0
Y T bTw eIBHL  maeMc     CQ q Eu,0
XQ IjJ uX mF    DAr Hgv  Tww b  ,0
U uJOSLIEVPXaqYnbWj tI PRfSl gka,0
  f  XW h W i   X YXd NlVh  tWXz,0
mhpB   n  NkHknS q v d OwK ad bI,0
 GiMoY  FN bQhqVeTgE   P  QUkXm ,0
WSQi OuQ heS mUUMpDZI pmR p XH F,0
    v    Q Htlo J     szL f V Mb,0
p c  SK MPjqEK zN xFMHoCPt oy m ,0
RW C mbygTM  D n nGVcUaoQTyXcbbv,0
O s Yp   qvI o cKuP  m zmGeen r ,0
DVMR   EVYBHo  G  Z dvGQCSuuLihm,0
 XSJymnA Jde OuS  U i B orl cD P,0
GHw g  V n   H FX w i  DGAInC K ,0
FLuHR hjH k vVHR  Wf aj GzofNUr ,0
iK    CRB ojscNW  I  CWAgxWmdfQH,0
BqXP EpLsgDkWkXfR    yLzVzg  x C,0
Z XFl   Nxld QtXkc  BGS wD L iKc,0
  PnkT h H     BxCZnoAJ   QM oT ,0
HWZfPrpRGb RULnFIPXbpZ  RiUfHG M,0
uloPNvnOa U ku  uDE  ycFpk  sjnz,0
 i    J E Fg v nXKkkVJF HXupGI J,0
HXoZz mEFQ r    f  Ce  eREpU SRM,0
vEAi   i  Pom  X   OPnZWq cs p  ,0
 W       Ttn M X  PGINfoo u  KRf,0
LrTa P QRDO  Pcaz  V LlAC  IbM D,0
PHnc  UQDkbCJ BBBmf   rM  WsCnKJ,0
k PB  PMvvIVsQA D   pRztVKWN zup,0
bL qH QVKLFn ay   gPeXd  Ojzhd  ,0
iIj  VBVuTse   jG cP w vXdFA RWi,0
c N pV  Y  N wzyS m  AXnDS LqBeG,0
iBAnAKwr   joZ J ms FvKw AngVGZ ,0
 KuccqW   J   VfJc       zV BsC ,0
Ybx QJNV  sA gsi yCJSVPX dO D af,0
 LIAAi hn P  zgy MUa  pDHRmCyLXV,0
jhY e VzLhKujpOc   AoJ mZUaPdi  ,0
 Lvy V  cAImHpK CZ ImU  Btkz D O,0
FcoN O aFz   nQsG  WzFTAp xHOmX ,0
eoOcUhcnodcReq RjRAC  z  Od laHU,0
qC c V N DZ n X pgR k kizrc u  N,0
AY y XENKSr    jr MTCkH BAyh   e,0
 YAhGtxQb AgxWtzp LeZ cyuz NSX U,0
DliD d OiEPDueL  eXufD  U V X  E,0
w   TKxPtCkGtoze HV  Pg  V    m ,0
FZ  oBlte c Zmln SQLx   FY MQroO,0
CVry Ok WDys tH Ikk  qzgezn kA m,0
qT p zpqG  Ic  rDmp  B Zkv    l ,0
GJrqI tJX P JchMRNFIOYS YRycoRFP,0
  eViSq  twHFgZ GARpccBN  ubayHs,0
 wt L y   rGn  PqR   yjtZDDKBdwr,0
MEkns    d   zkoPuMu  Hu px  xkp,0
yGermz Qe aUQGb W v p tuwYdN ME ,0
 qZBqN LP   oNeR VIy  aJe IVg   ,0
WZI Yb  sZQhr Xh   iGImaKcfh mR ,0
P IZZFz  kfJecWY uZhHVbnwf eP  K,0
 m   ee RoO TG sKqmVCZWEBbDbf Ln,0
O bo  ST  I ESQ w I lDMi H N  j ,0
 l VUDrhIccKCC rOAQz G      dxxh,0
TmBgw ZrfU BnN   vemRSSW    EnCI,0
Lrqa  WEhCUjD iNFEvtn oWs   vXQk,0
NoCsHhRR O uK ZSknlW Z AUQFN  AU,0
Y hT m  H  S TbR l v e tn aO  we,0
CtxCWFtc kYjCNy  M  h GTY  Amdjs,0
cny  U J  lrK qJd z CW k wGSMiKw,0
  zRJ v  e s Y Tbt LW J TK  ygGX,0
G idYhUv mZ cnjzUDy NhN  KYB Lkw,0
tfHzNdgac Rq  HGfbO nUJAw UpC Rc,0
IVXD qJ   XPX C   UZfhRCs vS  Nq,0
 RRR Tuxhzxbu WZ qK FeJOG Jdv   ,0
 pqDol p V Qx O vpBElRczPbNL BSS,0
j  um      l  paikYcAVHHLI p fd ,0
L  D zt  shv m K q  AY sP   iajq,0
A  RPeJKlrP eT wcP APhR CNDGJjz ,0
nNu Sv   wT hG zueka   jhFgn KY ,0
 AGjGonHlrrkwO  V KT p rU DB D s,0
 PiZT  c HlW tbxUVt m Y AX xrfX ,0
oFwLubAAi YghLvQA BhZ v XrFZx  v,0
D  ib  uCh W AW EFb Z  cK  Y   x,0
 HxR qbHjRfavbL TLWJlNhxRP gyw b,0
h lkuV    dnaPPY f   FtswwclzXu ,0
M    k m QTnMdC f lX ivp  M I pF,0
 f RAe  VPqsOKqCN dztPKtBUAGZESu,0
Dpc e FYmTtBj OKlfw r FAiWSqIc Z,0
hVHBoBuT J ysqd  iw oYJi CCK W X,0
aMh P SZXxy qtx XRKvekZvs XG O c,0
og Sf  Bx   Z i Sz YTzpCQS v hpU,0
c fRMQhTK kww V  eW cU otTSf  Hi,0
  c vJ a U  S W usF a ue CJXx rN,0
dqjEFI X i b KmTom   TNqrHa rhQQ,0
TNhWzJHMstIwxKjXrzlYZLMjh  qkaKL,0
uAQ ir Kr Ad TualdwVagTUKmq IO B,0
wR wu Oe   KI gRsgUuFrW c H T   ,0
  LNCLGsI kexRsX gG yZaA jR doJP,0
n renDrbR KS EFDzX Fp rGP UxGvsI,0
 wQpT B dKwr  A VeDAw TJ  j   uB,0
gSVOoUniXmfWQpb W   toKOrHmtr Yt,0
laErmBR c q AiUUU i Jt   UDb lSC,0
RAjfjBNtV cPwWJk QbPevL ddl vyR ,0
Qq tvv SO  pbncZM d     vJaTcQ N,0
cLwdT PVLvp   TLKD Jv   m  pAId ,0
gy Sa GWl  lHqU F ZYXJ  DLM Wwy ,0
H ECP    aA    dqgIvCKwZdipsBUD ,0
u N  VT w j    g Y EN xdgoBHiBk ,0
eAa HsWm HS eQ KU   ztQNOlNf QjL,0
jA O pmwFK Vi   PP PWvfDtSmYHsF ,0
prODJ CMlq  mE   ruYbCsm   ZaG  ,0
CmU JAan HA A SUY rAO RAjcBZF tN,0
Lm Ck yLyn iIgA kCXa    Na  C c ,0
zFMInc  Ay  zn  tOwEKsvbk ie  UR,0
Z   s nbWUvzsu  TI ZS TYWnC ogKv,0
dJ o Z  lY  NjmvoU tvtumKCLrEEWP,0
   fkEM IrlZV L B LsjE      B dP,0
DO  KB    dnKSq K I  GD ZF  b kG,0
BKW  Ynm  Ut VAkCuTcLpM  R Hdp T,0
EjQT DCq D  g nGpu F O G fx wcN ,0
 qp Q yP  dYArLJZ qsPLrbEw ZlcGO,0
TL I FQRN  OIq rEG Ln cH  l i Tl,0
SZJ bYSuMceWA lqEc  zy Nz DeC uD,0
B cO  SeLfaezw   lbdZLSrh sMSg  ,0
ET LVST Sd H QrV N RNtkSs adw iQ,0
Oq  WmXbSD mHKpvoIK siXZHhS duG ,0
J yG q  XHBqE   HM dSZR tLctNKg ,0
wC  wMHf   cIxN SBi  L r BBSkLa ,0
  w J SjjREGT LXt  A  bHGW g K  ,0
PjNiJFmBmL zwTfVQgoQM EIqa    pk,0
oZwgU L qp dExsm l iwhlO  Tey A ,0
dNmDZnKJXx soUK eSi  W a  lE  vg,0
Gl LU wO J  ETub CaIWyKia  sfNR ,0
G OW d Mbrfx W  ph VakO mZssQPj ,0
FzuUL bmi l   lzY jKWUvmA vtux J,0
w UagZhJa  rWLT lx U   Oj Du  C ,0
YSgy kLcblz ytzyjjc VaR x lO fqP,0
w Vby  j r  gbLEHsSaOC hZMIcNhEC,0
NF  gg Gid h lU e   TqfqeCcJx J ,0
izoBCUcDPoBLLxQl RKmnGn JKgTX   ,0
ZNMbC NObPmIMr yMO  zMEYV xIVj  ,0
tx zKcfx  o Htn  Gsz El y VcWt J,0
bDyqk   fnTXfIf DDW wLMt IGBuuI ,0
yuKq  mYF  fVygDIOPIDIb O ztmS w,0
hPQhmWsUS fVV ED  c exVF  x i  R,0
 WZ zj MTUMJ t h  VtZnHr  qSytkr,0
 yvJ kkg  C h   pSGxjKGLl QGeWB ,0
o O nd   G s X lF  lCGACgjFIHyP ,0
nQFW gf RKD QJPh   uKrR  R  oO  ,0
vYMBcB NFNRUrvkOj Frrsd v uM N  ,0
 nJa gxpYg M   IEZE n m   XvZI V,0
    OReHLKC UDjcTx WIA  C Zo F o,0
dKAju  T   zI      s r YR Sp f L,0
k F   gZtMpe qRqX me DBR geLkpvH,0
 enZDfB yu hlRZGcA  aEHov VzFO W,0
 UeY m  JEUD aeLTH  WW  tTVsJrR ,0
d ybeK pe xzrd UZTsmxq vkHmBOnaA,0
hMjR IZGIVJ bs M  pKc A fIQLUT  ,0
  jFOB  WqxeWm Sk  egyp a wgNsAJ,0
   manqj y   WvMgToXjMP DVvXF nX,0
KmCVz s  P jcBLWR   WWE Kjvc kod,0
pxh MYzgDwx u   HccD COpubpCatpX,0
 R ivqmSKFXC  Atk XK acId  dzn  ,0
Grl YNxFZj r Zpdq w FxY tc CJ e ,0
 DJizL   okA  uHNNmP gBL fxldoaJ,0
 HxmpM zXbDsF U n m Gwe GD L w  ,0
D O    Hx fYAsAKUH  KyBMmVB XOK ,0
rpY qhZ  r nm   Bii  dbqdwDCY sN,0
  ZOK  otVjvpW qpeJADZH  BBMBE p,0
Lisaelof MwZcF ziJAH MTsdO aIFwa,0
 l h lmlLc LpDotIKVHFzqaLBonRGP ,0
 k   G lwab FzU AJMyHyxIb zzBMkg,0
mp xGH DclK bO BJbUDtj za lfsja ,0
v  Fr ZXPlGK gG N XZIE x UzKsId ,0
iDPcw SiyVxGsNNA cu  EcXdFexXGmW,0
p oK  J UozWavbX A yNz vC q dpxP,0
Bi KgQT At  NWEhWpZ   yjle  gWf ,0
gWPTE  wpbw LqXkZda  y phWTByl  ,0
KpbgaOvq uDf  r pHk JDD ED Szfzx,0
YC  ndtXnU qx n n e e nDl J   O ,0
h lGcS DW qOw q wpLs B m Mg xqn ,0
 a   Yu  u zHhgz UjtYCo bGydgiaN,0
 Te vb A Ci  PevJ  baJkpo    xAO,0
  GD   i vjIcNJ Rj o ZCQ  QlfiP ,0
Z  v xnJQM  SJc trI KJHC a KI vT,0
i CaVIU Va HpZOxh NXs  eG AgbyKy,0
f f P L MJZ xvn  eJwLQnb  O  wip,0
kslTu P  nm K PCU YngKkP J JdzTa,0
sbhPXx  xdNFubt y      sMnOP  uQ,0
cu e O PhTZIOSR   g KOQ iXtHhSk ,0
M TnsVT VXk  pcLeJc zG xH  GBXO ,0
v JOG r   kV ZJa   C outJgxENuWs,0
 rrjqA  sNVzWw ud y    m cY  H H,0
IWeSXwnaD  lP F  bOuVVBJKV MCcRW,0
ng O byHyXY   Tv CvE qQ LsVX ilZ,0
 njEn  jgm  ur x rvHzRdZs mL YIY,0
rYYpRb d  hT i ZGA APBN  X   c a,0
lQZOtf b  sb  huBk P zEi  zHtUhz,0
RaxEvwEiZLtyTDyrc qw lFhuE  m oa,0
V  UL S dLzoIrnOkxb Vdl Aj tMUPb,0
T Eaq   klQjgSvnC  bfqb Z q ybQu,0
mChQgf    xknFeETV  k p RFBBxb B,0
 K uX  L jXCYy PM MonZX OOu B B ,0
 v  E   CSZRTk y  E qEXLY EI qDx,0
dVI X uqtS  RBUwgomGZzP pYzge Mc,0
 hvD W YbRmV KkuaBAug rUWKxWerIS,0
umtew Y AYYhvJOV Pumo GeyDlbmj T,0
 TSO A CdFMzFlYOq  EO vaV f tt V,0
nS  B  LhIhAWmm sdMh cPQsX  f Nv,0
t AYWnbdBZK o Xpz   lP  f  K TA ,0
pdmgD MYPb nn  cof UD YMBTlSGauK,0
woghun  KrJ  LtH twT Y  SR fZAtz,0
ebh AvNq  M N op KPNp ubli WHURw,0
z F Tm sqGzY QDYeyd mRd  m  kR m,0
v  ZtKv cNq iDJ c vlx dEsi gn Ss,0
ULUeN hXYJo  d QVwTZABU eYMUPAJe,0
hKyUiVnMeLWQ lmv   Q xut vyPw lP,0
NBAaPW I HL C Bk X qECjSnx Jy ZJ,0
 hsteesaB aDQLNek eP ZUSAuDU JSQ,0
JWdIOhhy jYp pc hjcap D gftNR Zt,0
hbCcs Q eilAS  DOls ng W    srmR,0
FjPjkjdz  z WL f WSD  bUrIJyDDD ,0
j  uItSVxcl qA   kRGcQ FJd Ljvbe,0
l z Wl Fw uDUn   Bt fllc ZYX Mi ,0
b s  ikXa KWT xSFfM   oD vm Unlq,0
zz KeQs Bh dgwBIyySBzt   oalFISD,0
   I wMWItBL nqWcF JNWTCxhikT fD,0
   hnuR Xj df i ZMmList   I cy P,0
mvvR AZn QssNzTtS ww   qc c IA o,0
yq  Gz qf NvvWg mTS     HH E uM ,0
NQwBv nlGPs gre tyT bq  wTWT jyA,0
hlzgt KEX KtRbD W cVM vvKewCIed ,0
  m  Yi NeaL jdVnHYDzsm   GRr   ,0
v eqF yFYoOXrqlwuWkEwu kPvr n Wb,0
al m pNDMfsPRA A TuPe j XTvKh Fo,0
 YZ  fVICT G  k rdmWkYvO ZneAI v,0
ScxWI JGt NMrzrn  DyT N  ndgL Q ,0
JS V    tYhZ B uUaKDzxz  sO Q SK,0
 YIyW dTiK     gEMHasFZIoxp IrNG,0
CTAHXyo pzSZ  WGpEl ZYuvtUBqkoz ,0
wxKj gWhjz Vn wg fmxr  KulrWWo Q,0
mgRIMlGCH riR bhyos MAB LY M uM ,0
 q iWplyF h yg yqc U L Qz p X  F,0
ylQ AK sTSFRti JzY  ArohhZW qh h,0
uaAppsLd wa   aj qY yw bQX y CQ ,0
Y  vk rVum  LaTZsvvyJjC  F  vQLb,0
  ANPN j  SbQ b    E    Y  TvHK ,0
Gt Z  jpyKoM SzLSG s  cQ GPD gp ,0
IEp o d x r Q  xVu PW  jFQdns ZQ,0
dfWPBMu os T  d  er A U AUOAK Eg,0
 O  qye unPIT yaFNH cey  CGzW   ,0
n JTjxhlg EN JiHT tRvH n   X  Br,0
oC EY  NxOuaK fBIyNRk  SY MG AfL,0
Communication Skills,0
1. Verbal Communication,0
2. Body Language,0
3. Physical Communication,0
4. Writing,0
5. Storytelling,0
6.Â Visual Communication,0
7.Â Humor,0
8. Quick-wittedness,0
9.Â Listening,0
10.Â Presentation Skills,0
11.Â Public Speaking,0
12.Â Interviewing,0
Leadership,0
13. Team Building,0
14. Strategic Planning,0
15. Coaching,0
16. Mentoring,0
17. Delegation,0
18. Dispute Resolution,0
19.Â Diplomacy,0
20. Giving Feedback,0
21. Managing Difficult Conversations,0
22.Â Decision Making,0
23. Performance Management,0
24. Supervising,0
25.Â Managing,0
26. Manager Management,0
27. Talent Management,0
28. Managing Remote Teams,0
29. Managing Virtual Teams,0
30. Crisis Management,0
Influencing,0
31. Facilitation,0
32.Â Selling,0
33. Inspiring,0
34. Persuasion,0
35.Â Negotiation,0
36. Motivating,0
37. Collaborating,0
Interpersonal Skills,0
38. Networking,0
39. Interpersonal Relationships,0
40. Dealing with Difficult People,0
41. Conflict Resolution,0
42.Â Personal Branding,0
43. Office Politics,0
Personal Skills,0
44.Â Emotional Intelligence,0
45. Self Awareness,0
46. Emotion Management,0
47. Stress Management,0
48. Tolerance of Change and Uncertainty,0
49. Taking Criticism,0
50. Self Confidence,0
51. Adaptability,0
52. Resilience,0
53. Assertiveness,0
54. Competitiveness,0
55. Self Leadership,0
56. Self Assessment,0
57. Work-Life Balance,0
58. Friendliness,0
59. Enthusiasm,0
60. Empathy,0
Creativity,0
61. Problem Solving,0
62. Critical Thinking,0
63.Â Innovation,0
64. Troubleshooting,0
65. Design Sense,0
66. Artistic Sense,0
Professional Skills,0
67. Organization,0
68. Planning,0
69. Scheduling,0
70.Â Time Management,0
71. Meeting Management,0
72. Technology Savvy,0
73. Technology Trend Awareness,0
74. Business Trend Awareness,0
75. Research,0
76. Business Etiquette,0
77. Business Ethics,0
78. Diversity Awareness,0
79. Disability Awareness,0
80. Intercultural Competence,0
81. Training,0
82.Â Train the Trainer,0
83. Process Improvement,0
84.Â Knowledge Management,0
85. Writing Reports and Proposals,0
86. Customer Service,0
87. Entrepreneurial Thinking,0
WHO,0
WHOÂ is only used when referring to people. (= I want to know the person),0
Who is the best football player in the world?,0
Who are your best friends?,0
Who is that strange guy over there?,0
WHERE,0
WHEREÂ is used when referring to a place or location. (= I want to know the place),0
Where is the library?,0
Where do you live?,0
Where are my shoes?,0
WHEN,0
WHENÂ is used to refer to a time or an occasion. (= I want to know the time),0
When do the shops open?,0
When is his birthday?,0
When are we going to finish?,0
WHY,0
WHYÂ is used to obtain an explanation or a reason. (= I want to know the reason),0
Why do we need a nanny?,0
Why are they always late?,0
Why does he complain all the time?,0
"Normally the response begins with ""Because...""",0
WHAT,0
WHATÂ is used to refer to specific information. (= I want to know the thing),0
What is your name?,0
What is her favourite colour?,0
What is the time?,0
WHICH,0
WHICHÂ is used when a choice needs to be made. (= I want to know the thing between alternatives),0
Which dish did you order â the pizza or the pasta?,0
Which day do you prefer for a meeting â today or tomorrow?,0
Which is better - this one or that one?,0
HOW,0
HOWÂ is used to describe the manner that something is done. (= I want to know the way),0
How do you cook lasagna?,0
How does he know the answer?,0
How can I learn English quickly?,0
WithÂ HOWÂ there are a number of other expressions that are used in questions:,0
How muchÂ â refers to a quantity or a price (uncountable nouns),0
How much time do you have to finish the test?,0
How much is the jacket on display in the window?,0
How much money will I need?,0
How manyÂ â refers to a quantity (countable nouns),0
How many days are there in April?,0
How many people live in this city?,0
How many brothers and sister do you have?,0
Read more aboutÂ How much vs. How many.,0
How oftenÂ â refers to frequency,0
How often do you visit your grandmother?,0
How often does she study?,0
How often are you sick?,0
How farÂ â refers to distance,0
How far is the university from your house?,0
How far is the bus stop from here?,0
